seller_id,orders,revenue,rnk,total_sellers,total_revenue,pct_sellers,revenue_share_pct,cum_revenue_pct
4869f7a5dfa277a7dca6462dcf3b52b2,1124,226987.93,1,2970,13221498.11,0.03,1.717,1.72
53243585a1d6dc2643021fd1853d8905,348,217940.44,2,2970,13221498.11,0.07,1.648,3.37
4a3ca9315b744ce9f8e9374361493884,1772,196882.12,3,2970,13221498.11,0.1,1.489,4.85
fa1c13f2614d7b5c4749cbc52fecda94,578,190917.14,4,2970,13221498.11,0.13,1.444,6.3
7c67e1448b00f6e969d365cea6b010ab,973,186570.05,5,2970,13221498.11,0.17,1.411,7.71
7e93a43ef30c4f03f38b393420bc753a,319,165981.49,6,2970,13221498.11,0.2,1.255,8.96
da8622b14eb17ae2831f4ac5b9dab84a,1311,159816.87,7,2970,13221498.11,0.24,1.209,10.17
7a67c85e85bb2ce8582c35f2203ad736,1145,139658.69,8,2970,13221498.11,0.27,1.056,11.23
1025f0e2d44d7041d6cf58b6550e0bfa,910,138208.56,9,2970,13221498.11,0.3,1.045,12.28
955fee9216a65b617aa5c0531780ce60,1261,131836.71,10,2970,13221498.11,0.34,0.997,13.27
46dc3b2cc0980fb8ec44634e21d2718e,503,122811.38,11,2970,13221498.11,0.37,0.929,14.2
6560211a19b47992c3666cc44a7e94c0,1819,120702.83,12,2970,13221498.11,0.4,0.913,15.11
620c87c171fb2a6dd6e8bb4dec959fc6,722,112461.5,13,2970,13221498.11,0.44,0.851,15.96
7d13fca15225358621be4086e1eb0964,558,112436.18,14,2970,13221498.11,0.47,0.85,16.82
5dceca129747e92ff8ef7a997dc4f8ca,322,111126.73,15,2970,13221498.11,0.51,0.841,17.66
1f50f920176fa81dab994f9023523100,1399,106655.71,16,2970,13221498.11,0.54,0.807,18.46
cc419e0650a3c5ba77189a1882b7556a,1651,101090.96,17,2970,13221498.11,0.57,0.765,19.23
a1043bafd471dff536d0c462352beb48,702,99309.23,18,2970,13221498.11,0.61,0.751,19.98
3d871de0142ce09b7081e2b9d1733cb1,1064,93407.4,19,2970,13221498.11,0.64,0.706,20.68
edb1ef5e36e0c8cd84eb3c9b003e486d,165,79144.9,20,2970,13221498.11,0.67,0.599,21.28
ccc4bbb5f32a6ab2b7066a4130f114e3,184,72926.72,21,2970,13221498.11,0.71,0.552,21.83
f7ba60f8c3f99e7ee4042fdef03b70c4,218,68070.0,22,2970,13221498.11,0.74,0.515,22.35
fe2032dab1a61af8794248c8196565c9,293,65689.71,23,2970,13221498.11,0.77,0.497,22.85
8581055ce74af1daba164fdbd55a40de,380,64011.22,24,2970,13221498.11,0.81,0.484,23.33
cca3071e3e9bb7d12640c9fbe2301306,699,63035.16,25,2970,13221498.11,0.84,0.477,23.81
04308b1ee57b6625f47df1d56f00eedf,92,58991.8,26,2970,13221498.11,0.88,0.446,24.25
522620dcb18a6b31cd7bdf73665113a9,172,56690.49,27,2970,13221498.11,0.91,0.429,24.68
de722cd6dad950a92b7d4f82673f8833,337,55126.3,28,2970,13221498.11,0.94,0.417,25.1
37be5a7c751166fbc5f8ccba4119e043,269,54735.55,29,2970,13221498.11,0.98,0.414,25.51
17e34d8224d27a541263c4c64b11a56b,247,54440.28,30,2970,13221498.11,1.01,0.412,25.92
7ddcbb64b5bc1ef36ca8c151f6ec77df,325,54435.66,31,2970,13221498.11,1.04,0.412,26.34
25c5c91f63607446a97b143d2d535d31,156,54208.78,32,2970,13221498.11,1.08,0.41,26.75
218d46b86c1881d022bce9c68a7d4b15,382,53710.3,33,2970,13221498.11,1.11,0.406,27.15
ceaec5548eefc6e23e6607c5435102e7,198,51478.18,34,2970,13221498.11,1.14,0.389,27.54
f5a590cf36251cf1162ea35bef76fe84,113,51232.78,35,2970,13221498.11,1.18,0.387,27.93
e882b2a25a10b9c057cc49695f222c19,57,51057.54,36,2970,13221498.11,1.21,0.386,28.32
2bf6a2c1e71bbd29a4ad64e6d3c3629f,30,50628.9,37,2970,13221498.11,1.25,0.383,28.7
f8db351d8c4c4c22c6835c19a46f01b0,659,50082.6,38,2970,13221498.11,1.28,0.379,29.08
b2ba3715d723d245138f291a6fe42594,324,49302.18,39,2970,13221498.11,1.31,0.373,29.45
17f51e7198701186712e53a39c564617,56,48019.0,40,2970,13221498.11,1.35,0.363,29.81
8160255418d5aaa7dbdc9f4c64ebda44,380,46368.39,41,2970,13221498.11,1.38,0.351,30.16
966cb4760537b1404caedd472cc610a5,67,45928.26,42,2970,13221498.11,1.41,0.347,30.51
77530e9772f57a62c906e1c21538ab82,312,45676.6,43,2970,13221498.11,1.45,0.345,30.86
4e922959ae960d389249c378d1c939f5,412,45338.42,44,2970,13221498.11,1.48,0.343,31.2
850f4f8af5ea87287ac68de36e29107f,186,45285.37,45,2970,13221498.11,1.52,0.343,31.54
c826c40d7b19f62a09e2d7c5e7295ee2,346,44653.04,46,2970,13221498.11,1.55,0.338,31.88
b33e7c55446eabf8fe1a42d037ac7d6d,149,44215.17,47,2970,13221498.11,1.58,0.334,32.21
ba90964cff9b9e0e6f32b23b82465f7b,38,44212.5,48,2970,13221498.11,1.62,0.334,32.55
eeb6de78f79159600292e314a77cbd18,82,43510.84,49,2970,13221498.11,1.65,0.329,32.88
c3cfdc648177fdbbbb35635a37472c53,278,43048.18,50,2970,13221498.11,1.68,0.326,33.2
4d6d651bd7684af3fffabd5f08d12e5a,363,42999.0,51,2970,13221498.11,1.72,0.325,33.53
b839e41795b7f3ad94cc2014a52f6796,33,42829.0,52,2970,13221498.11,1.75,0.324,33.85
e9779976487b77c6d4ac45f75ec7afe9,645,42229.69,53,2970,13221498.11,1.78,0.319,34.17
17a053fcb14bd219540cbde0df490be0,124,40353.24,54,2970,13221498.11,1.82,0.305,34.48
d91fb3b7d041e83b64a00a3edfb37e4f,524,39926.39,55,2970,13221498.11,1.85,0.302,34.78
834f3294fba9f932f56edc879193f925,66,39907.5,56,2970,13221498.11,1.89,0.302,35.08
391fc6631aebcf3004804e51b40bcf1e,521,39475.3,57,2970,13221498.11,1.92,0.299,35.38
712e6ed8aa4aa1fa65dab41fed5737e4,77,39385.0,58,2970,13221498.11,1.95,0.298,35.68
634964b17796e64304cadf1ad3050fb7,265,39114.1,59,2970,13221498.11,1.99,0.296,35.97
2eb70248d66e0e3ef83659f71b244378,187,38990.72,60,2970,13221498.11,2.02,0.295,36.27
7142540dd4c91e2237acb7e911c4eba2,316,37181.94,61,2970,13221498.11,2.05,0.281,36.55
7178f9f4dd81dcef02f62acdf8151e01,202,36795.4,62,2970,13221498.11,2.09,0.278,36.83
ea8482cd71df3c1969d7b9473ff13abc,1132,36696.76,63,2970,13221498.11,2.12,0.278,37.11
59417c56835dd8e2e72f91f809cd4092,18,36459.0,64,2970,13221498.11,2.15,0.276,37.38
c70c1b0d8ca86052f45a432a38b73958,260,36289.15,65,2970,13221498.11,2.19,0.274,37.66
06a2c3af7b3aee5d69171b0e14f0ee87,389,36097.98,66,2970,13221498.11,2.22,0.273,37.93
c3867b4666c7d76867627c2f7fb22e21,228,34666.9,67,2970,13221498.11,2.26,0.262,38.19
7299e27ed73d2ad986de7f7c77d919fa,335,34107.44,68,2970,13221498.11,2.29,0.258,38.45
e9bc59e7b60fc3063eb2290deda4cced,209,33543.69,69,2970,13221498.11,2.32,0.254,38.7
1835b56ce799e6a4dc4eddc053f04066,417,33005.32,70,2970,13221498.11,2.36,0.25,38.95
5c243662ce92d84573bfaff24c3e3700,98,32862.02,71,2970,13221498.11,2.39,0.249,39.2
dbc22125167c298ef99da25668e1011f,394,32829.12,72,2970,13221498.11,2.42,0.248,39.45
9c0e69c7bf2619675bbadf47b43f655a,151,32720.4,73,2970,13221498.11,2.46,0.247,39.7
2528513dd95219a6013d4d05176e391a,160,32660.2,74,2970,13221498.11,2.49,0.247,39.94
76d5af76d0271110f9af36c92573f765,128,31944.6,75,2970,13221498.11,2.53,0.242,40.19
70eea00b476a314817cefde4aad4f89a,106,31424.75,76,2970,13221498.11,2.56,0.238,40.42
0241d4d5d36f10f80c644447315af0bd,238,31397.7,77,2970,13221498.11,2.59,0.237,40.66
88460e8ebdecbfecb5f9601833981930,246,31320.4,78,2970,13221498.11,2.63,0.237,40.9
7681ef142fd2c19048da7430856b5588,58,31211.81,79,2970,13221498.11,2.66,0.236,41.13
87142160b41353c4e5fca2360caf6f92,305,31095.98,80,2970,13221498.11,2.69,0.235,41.37
855668e0971d4dfd7bef1b6a4133b41b,300,30849.22,81,2970,13221498.11,2.73,0.233,41.6
e59aa562b9f8076dd550fcddf0e73491,69,30716.3,82,2970,13221498.11,2.76,0.232,41.83
70a12e78e608ac31179aea7f8422044b,312,29963.53,83,2970,13221498.11,2.79,0.227,42.06
53e4c6e0f4312d4d2107a8c9cddf45cd,463,29587.77,84,2970,13221498.11,2.83,0.224,42.28
d23019c84ffae2d5ef2270367b8605fc,39,29205.1,85,2970,13221498.11,2.86,0.221,42.51
1554a68530182680ad5c8b042c3ab563,246,28979.64,86,2970,13221498.11,2.9,0.219,42.72
900ba814c251a692506d7834c1218441,86,28833.03,87,2970,13221498.11,2.93,0.218,42.94
0b90b6df587eb83608a64ea8b390cf07,163,28492.76,88,2970,13221498.11,2.96,0.216,43.16
59b22a78efb79a4797979612b885db36,125,27184.5,89,2970,13221498.11,3.0,0.206,43.36
d1c281d3ae149232351cd8c8cc885f0d,214,26833.61,90,2970,13221498.11,3.03,0.203,43.57
b32be1695eb7ec5f10f72d9610a12527,44,26575.0,91,2970,13221498.11,3.06,0.201,43.77
12b9676b00f60f3b700e83af21824c0e,133,26376.0,92,2970,13221498.11,3.1,0.199,43.97
a3a38f4affed601eb87a97788c949667,251,26294.62,93,2970,13221498.11,3.13,0.199,44.17
7e1fb0a3ebfb01ffb3a7dae98bf3238d,155,26169.53,94,2970,13221498.11,3.16,0.198,44.36
de23c3b98a88888289c6f5cc1209054a,161,25933.67,95,2970,13221498.11,3.2,0.196,44.56
9f505651f4a6abe901a56cdc21508025,393,25912.84,96,2970,13221498.11,3.23,0.196,44.76
16090f2ca825584b5a147ab24aa30c86,398,25579.16,97,2970,13221498.11,3.27,0.193,44.95
b94cc9f10ddc85e4ba73a6f7974e7101,39,25346.1,98,2970,13221498.11,3.3,0.192,45.14
a416b6a846a11724393025641d4edd5e,157,24930.24,99,2970,13221498.11,3.33,0.189,45.33
c003204e1ab016dfa150abc119207b24,195,24904.29,100,2970,13221498.11,3.37,0.188,45.52
1c68394e931a64f90ea236c5ea590300,142,24832.75,101,2970,13221498.11,3.4,0.188,45.71
f62d7bb4a613ec758a03342d46b580b2,32,24665.0,102,2970,13221498.11,3.43,0.187,45.89
1900267e848ceeba8fa32d80c1a5f5a8,406,24639.57,103,2970,13221498.11,3.47,0.186,46.08
001cca7ae9ae17fb1caed9dfb1094831,195,24487.03,104,2970,13221498.11,3.5,0.185,46.26
b37c4c02bda3161a7546a4e6d222d5b2,4,24075.0,105,2970,13221498.11,3.54,0.182,46.45
dc4a0fc896dc34b0d5bfec8438291c80,225,23655.98,106,2970,13221498.11,3.57,0.179,46.63
2b3e4a2a3ea8e01938cabda2a3e5cc79,52,23629.15,107,2970,13221498.11,3.6,0.179,46.8
40db9e9aa57f7bb151bcda6b0f9bdbb7,12,23168.0,108,2970,13221498.11,3.64,0.175,46.98
612170e34b97004b3ba37eae81836b4c,107,23065.02,109,2970,13221498.11,3.67,0.174,47.15
7b0df942f46435babab05d49b744b2c4,32,22600.63,110,2970,13221498.11,3.7,0.171,47.32
1a3df491d1c4f1589fc2b934ada68bf2,160,22472.4,111,2970,13221498.11,3.74,0.17,47.49
710e3548e02bc1d2831dfc4f1b5b14d4,131,22369.25,112,2970,13221498.11,3.77,0.169,47.66
744dac408745240a2c2528fb1b6028f3,78,22322.6,113,2970,13221498.11,3.8,0.169,47.83
7ad32824caee82087b3e2e5f33b1bf32,147,22018.1,114,2970,13221498.11,3.84,0.167,48.0
ff69aa92bb6b1bf9b8b7a51c2ed9cf8b,20,21940.8,115,2970,13221498.11,3.87,0.166,48.17
f45122a9ab94eb4f3f8953578bc0c560,184,21764.68,116,2970,13221498.11,3.91,0.165,48.33
897060da8b9a21f655304d50fd935913,304,21740.51,117,2970,13221498.11,3.94,0.164,48.49
06e5eefc71ec47ae763c5c6f8db7064f,90,21648.67,118,2970,13221498.11,3.97,0.164,48.66
b1b3948701c5c72445495bd161b83a4c,14,21519.5,119,2970,13221498.11,4.01,0.163,48.82
8444e55c1f13cd5c179851e5ca5ebd00,92,21480.96,120,2970,13221498.11,4.04,0.162,48.98
05ff92fedb5be47920fea08e501238b9,57,21235.98,121,2970,13221498.11,4.07,0.161,49.14
8f2ce03f928b567e3d56181ae20ae952,151,21213.2,122,2970,13221498.11,4.11,0.16,49.3
59fb871bf6f4522a87ba567b42dafecf,123,21178.6,123,2970,13221498.11,4.14,0.16,49.46
d2374cbcbb3ca4ab1086534108cc3ab7,514,20926.02,124,2970,13221498.11,4.18,0.158,49.62
00ee68308b45bc5e2660cd833c3f81cc,135,20260.0,125,2970,13221498.11,4.21,0.153,49.78
48162d548f5b1b11b9d29d1e01f75a61,66,20109.39,126,2970,13221498.11,4.24,0.152,49.93
729f06993dac8e860d4f02d7088ca48a,94,19885.18,127,2970,13221498.11,4.28,0.15,50.08
004c9cd9d87a3c30c522c48c4fc07416,156,19569.73,128,2970,13221498.11,4.31,0.148,50.23
bfd27a966d91cfaafdb25d076585f0da,114,19225.0,129,2970,13221498.11,4.34,0.145,50.37
dc317f341ab0e22f39acbd9dbf9b4a1f,55,18988.4,130,2970,13221498.11,4.38,0.144,50.52
96493fab2fbb13a14d0c0e8772eef5c3,63,18969.0,131,2970,13221498.11,4.41,0.143,50.66
f457c46070d02cadd8a68551231220dd,195,18798.3,132,2970,13221498.11,4.44,0.142,50.8
0dd184061fb0eaa7ca37932c68ab91c5,161,18446.92,133,2970,13221498.11,4.48,0.14,50.94
44073f8b7e41514de3b7815dd0237f4f,142,18380.64,134,2970,13221498.11,4.51,0.139,51.08
d650b663c3b5f6fb392b6326366efa9a,57,18335.9,135,2970,13221498.11,4.55,0.139,51.22
cd68562d3f44870c08922d380acae552,122,18119.7,136,2970,13221498.11,4.58,0.137,51.36
527801b552d0077ffd170872eb49683b,90,17942.8,137,2970,13221498.11,4.61,0.136,51.49
821fb029fc6e495ca4f08a35d51e53a5,24,17851.62,138,2970,13221498.11,4.65,0.135,51.63
a888faf2d1baececa6baf9c3d603ee1f,53,17564.8,139,2970,13221498.11,4.68,0.133,51.76
9de4643a8dbde634fe55621059d92273,72,17560.34,140,2970,13221498.11,4.71,0.133,51.89
c72de06d72748d1a0dfb2125be43ba63,21,17522.0,141,2970,13221498.11,4.75,0.133,52.02
165fc07beebdcb6190fba8a06db2a449,50,17481.4,142,2970,13221498.11,4.78,0.132,52.16
94144541854e298c2d976cb893b81343,68,17286.28,143,2970,13221498.11,4.81,0.131,52.29
8b321bb669392f5163d04c59e235e066,930,17262.94,144,2970,13221498.11,4.85,0.131,52.42
1e8b33f18b4f7598d87f5cbee2282cc2,122,17233.56,145,2970,13221498.11,4.88,0.13,52.55
0c8380b62e38e8a1e6adbeba7eb9688c,180,17228.99,146,2970,13221498.11,4.92,0.13,52.68
54a1852d1b8f10312c55e906355666ee,198,17056.46,147,2970,13221498.11,4.95,0.129,52.81
abe42c5d03695b4257b5c6cbf4e6784e,49,17000.0,148,2970,13221498.11,4.98,0.129,52.94
76d64c4aca3a7baf218bf93ef7fa768d,64,16911.8,149,2970,13221498.11,5.02,0.128,53.06
c3acdfac4e3e97ff87529454fbc03642,12,16788.0,150,2970,13221498.11,5.05,0.127,53.19
8ae520247981aa06bc94abddf5f46d34,65,16320.99,151,2970,13221498.11,5.08,0.123,53.31
41b39e28db005d9731d9d485a83b4c38,187,16306.75,152,2970,13221498.11,5.12,0.123,53.44
4a3ccda38b2129705f3fb522db62ca31,64,16169.09,153,2970,13221498.11,5.15,0.122,53.56
ef0ace09169ac090589d85746e3e036f,128,16105.4,154,2970,13221498.11,5.19,0.122,53.68
1f1bb1f0859883505541bdd6606193e5,27,16040.84,155,2970,13221498.11,5.22,0.121,53.8
7aa4334be125fcdd2ba64b3180029f14,214,16012.95,156,2970,13221498.11,5.25,0.121,53.92
fa40cc5b934574b62717c68f3d678b6d,304,15900.48,157,2970,13221498.11,5.29,0.12,54.04
86ccac0b835037332a596a33b6949ee1,178,15894.34,158,2970,13221498.11,5.32,0.12,54.16
4b9750c8ad28220fe6702d4ecb7c898f,217,15815.4,159,2970,13221498.11,5.35,0.12,54.28
d921b68bf747894be13a97ae52b0f386,77,15645.8,160,2970,13221498.11,5.39,0.118,54.4
6061155addc1e54b4cfb51c1c2a32ad8,28,15633.4,161,2970,13221498.11,5.42,0.118,54.52
0adac9fbd9a2b63cccaac4f8756c1ca8,106,15557.6,162,2970,13221498.11,5.45,0.118,54.64
2a5b78b41cd05baeac8df54c6606b92c,46,15554.28,163,2970,13221498.11,5.49,0.118,54.76
c33847515fa6305ce6feb1e818569f13,114,15519.85,164,2970,13221498.11,5.52,0.117,54.87
229c3efbfb0ea2058de4ccdfbc3d784a,118,15479.0,165,2970,13221498.11,5.56,0.117,54.99
e5a38146df062edaf55c38afa99e42dc,120,15270.89,166,2970,13221498.11,5.59,0.116,55.11
c847e075301870dd144a116762eaff9a,41,15248.8,167,2970,13221498.11,5.62,0.115,55.22
85d9eb9ddc5d00ca9336a2219c97bb13,499,15107.24,168,2970,13221498.11,5.66,0.114,55.34
213b25e6f54661939f11710a6fddb871,152,15105.95,169,2970,13221498.11,5.69,0.114,55.45
f9244d45189d3a3605499abddeade7d5,20,15081.44,170,2970,13221498.11,5.72,0.114,55.56
e2a1ac9bf33e5549a2a4f834e70df2f8,5,14999.45,171,2970,13221498.11,5.76,0.113,55.68
2a84855fd20af891be03bc5924d2b453,155,14989.0,172,2970,13221498.11,5.79,0.113,55.79
01fdefa7697d26ad920e9e0346d4bd1b,128,14802.53,173,2970,13221498.11,5.82,0.112,55.9
79ebd9a61bac3eaf882805ed4ecfa12a,133,14783.09,174,2970,13221498.11,5.86,0.112,56.01
080199a181c46c657dc5aa235411be3b,79,14504.2,175,2970,13221498.11,5.89,0.11,56.12
4c2b230173bb36f9b240f2b8ac11786e,258,14474.57,176,2970,13221498.11,5.93,0.109,56.23
a5cba26a62b8b4d0145b68b841e62e7f,53,14438.84,177,2970,13221498.11,5.96,0.109,56.34
1b4c3a6f53068f0b6944d2d005c9fc89,111,14420.5,178,2970,13221498.11,5.99,0.109,56.45
5cf13accae3222c70a9cac40818ae839,148,14293.3,179,2970,13221498.11,6.03,0.108,56.56
66922902710d126a0e7d26b0e3805106,150,14267.3,180,2970,13221498.11,6.06,0.108,56.67
8e6d7754bc7e0f22c96d255ebda59eba,84,14107.38,181,2970,13221498.11,6.09,0.107,56.78
aba1721a889e04decc910aa13b768ef4,83,14103.3,182,2970,13221498.11,6.13,0.107,56.88
f08a5b9dd6767129688d001acafc21e5,11,14069.63,183,2970,13221498.11,6.16,0.106,56.99
c6bda72e4dbf5c5866b13cb1810c6d03,59,14059.38,184,2970,13221498.11,6.2,0.106,57.09
2e90cb1677d35cfe24eef47d441b7c87,127,13894.71,185,2970,13221498.11,6.23,0.105,57.2
3b15288545f8928d3e65a8f949a28291,101,13764.82,186,2970,13221498.11,6.26,0.104,57.3
b8bc237ba3788b23da09c0f1f3a3288c,45,13685.71,187,2970,13221498.11,6.3,0.104,57.41
d94a40fd42351c259927028d163af842,100,13674.8,188,2970,13221498.11,6.33,0.103,57.51
a6bd7d1ccdac48c6b33b28596b7eb122,15,13669.11,189,2970,13221498.11,6.36,0.103,57.61
610f72e407cdd7caaa2f8167b0163fd8,16,13585.16,190,2970,13221498.11,6.4,0.103,57.72
ce248b21cb2adc36282ede306b7660e5,64,13560.19,191,2970,13221498.11,6.43,0.103,57.82
6039e27294dc75811c0d8a39069f52c0,63,13500.8,192,2970,13221498.11,6.46,0.102,57.92
6d66611d7c44cc30ce351abc49a68421,164,13428.6,193,2970,13221498.11,6.5,0.102,58.02
34d1ca11b242c0fee2c834ae8d788566,40,13422.24,194,2970,13221498.11,6.53,0.102,58.12
289cdb325fb7e7f891c38608bf9e0962,109,13410.55,195,2970,13221498.11,6.57,0.101,58.23
a3e9a2c700480d9bb01fba070ba80a0e,129,13371.8,196,2970,13221498.11,6.6,0.101,58.33
a673821011d0cec28146ea42f5ab767f,125,13366.0,197,2970,13221498.11,6.63,0.101,58.43
240b9776d844d37535668549a396af32,35,13332.09,198,2970,13221498.11,6.67,0.101,58.53
1f9ab4708f3056ede07124aad39a2554,76,13312.93,199,2970,13221498.11,6.7,0.101,58.63
8cc6a0e5738e61a87b03c78b2ba9db4b,23,13272.7,200,2970,13221498.11,6.73,0.1,58.73
d05ae8f7a5bd1d2a690a44cd079e4e27,77,13244.0,201,2970,13221498.11,6.77,0.1,58.83
0b35c634521043bf4b47e21547b99ab5,50,13235.65,202,2970,13221498.11,6.8,0.1,58.93
669ae81880e08f269a64487cfb287169,161,13133.87,203,2970,13221498.11,6.84,0.099,59.03
05f51e13da97139648b8125c31e5f51b,57,13100.31,204,2970,13221498.11,6.87,0.099,59.13
440dd6ab244315c632130ecfb63827b1,91,13089.0,205,2970,13221498.11,6.9,0.099,59.23
d50d79cb34e38265a8649c383dcffd48,70,13012.42,206,2970,13221498.11,6.94,0.098,59.33
c31eff8334d6b3047ed34bebd4d62c36,120,12991.61,207,2970,13221498.11,6.97,0.098,59.42
431af27f296bc6519d890aa5a05fdb11,116,12974.6,208,2970,13221498.11,7.0,0.098,59.52
6edacfd9f9074789dad6d62ba7950b9c,205,12966.4,209,2970,13221498.11,7.04,0.098,59.62
9e6229250fedbe05838fef417b74e7fb,73,12962.3,210,2970,13221498.11,7.07,0.098,59.72
039e6ad9dae79614493083e241147386,5,12925.0,211,2970,13221498.11,7.1,0.098,59.82
e24fc9fcd865784fb25705606fe3dfe7,51,12768.0,212,2970,13221498.11,7.14,0.097,59.91
ed4acab38528488b65a9a9c603ff024a,32,12759.45,213,2970,13221498.11,7.17,0.097,60.01
00fc707aaaad2d31347cf883cd2dfe10,103,12684.9,214,2970,13221498.11,7.21,0.096,60.11
530ec6109d11eaaf87999465c6afee01,94,12682.11,215,2970,13221498.11,7.24,0.096,60.2
75d34ebb1bd0bd7dde40dd507b8169c3,57,12656.33,216,2970,13221498.11,7.27,0.096,60.3
99eaacc9e6046db1c82b163c5f84869f,63,12642.28,217,2970,13221498.11,7.31,0.096,60.39
b372ee768ed69e46ca8cdbd267aa7a38,63,12630.0,218,2970,13221498.11,7.34,0.096,60.49
cfb1a033743668a192316f3c6d1d2671,143,12609.54,219,2970,13221498.11,7.37,0.095,60.58
1ca7077d890b907f89be8c954a02686a,108,12474.64,220,2970,13221498.11,7.41,0.094,60.68
ad97a199236354e53fcd91a5a913e9a2,16,12446.85,221,2970,13221498.11,7.44,0.094,60.77
ac3508719a1d8f5b7614b798f70af136,101,12446.14,222,2970,13221498.11,7.47,0.094,60.87
2b1a40c1daabc6ca280c4b815c101841,22,12342.6,223,2970,13221498.11,7.51,0.093,60.96
d6b1ce66b035a475f00c017792ff9769,92,12277.4,224,2970,13221498.11,7.54,0.093,61.05
fbc14c0cf93505ef89f64665ffa4a7b5,18,12227.82,225,2970,13221498.11,7.58,0.092,61.15
6e386f64c84e482f0b9abf960797ee1b,29,12209.3,226,2970,13221498.11,7.61,0.092,61.24
056b4ada5bbc2c50cc7842547dda6b51,64,12203.4,227,2970,13221498.11,7.64,0.092,61.33
c66dccfb3f109511246da627dd5a2498,44,12182.55,228,2970,13221498.11,7.68,0.092,61.42
2e1c9f22be269ef4643f826c9e650a52,161,12170.24,229,2970,13221498.11,7.71,0.092,61.51
c8b0e2b0a7095e5d8219575d5e7e1181,84,12170.21,230,2970,13221498.11,7.74,0.092,61.61
66e0557ecc2b4dbea057e93f215f68d8,30,12141.0,231,2970,13221498.11,7.78,0.092,61.7
87b740daf17b5d1be335a64164ec6842,11,12099.89,232,2970,13221498.11,7.81,0.092,61.79
2138ccb85b11a4ec1e37afbd1c8eda1f,388,12089.22,233,2970,13221498.11,7.85,0.091,61.88
7202e2ba20579a9bd1acb29e61fe71f6,51,12085.7,234,2970,13221498.11,7.88,0.091,61.97
70c27847eca8195c983ed7e798c56743,77,12077.52,235,2970,13221498.11,7.91,0.091,62.06
ff063b022a9a0aab91bad2c9088760b7,94,12076.5,236,2970,13221498.11,7.95,0.091,62.15
a7f13822ceb966b076af67121f87b063,73,12017.69,237,2970,13221498.11,7.98,0.091,62.25
8b8cfc8305aa441e4239358c9f6f2485,15,11892.0,238,2970,13221498.11,8.01,0.09,62.34
701938c450705b8ae65fc923b70f35c7,74,11879.29,239,2970,13221498.11,8.05,0.09,62.43
7901646fdd36a55f564ffaf2dbccaaf7,22,11857.08,240,2970,13221498.11,8.08,0.09,62.52
09f952a5f58d2285b0372551ae8f9b01,50,11821.5,241,2970,13221498.11,8.11,0.089,62.6
48436dade18ac8b2bce089ec2a041202,134,11821.11,242,2970,13221498.11,8.15,0.089,62.69
adbc26658d6c7b4b6219f9d934598091,88,11806.4,243,2970,13221498.11,8.18,0.089,62.78
72c5da29406b4234927b81855e7b64f6,31,11798.69,244,2970,13221498.11,8.22,0.089,62.87
128639473a139ac0f3e5f5ade55873a5,527,11795.85,245,2970,13221498.11,8.25,0.089,62.96
ce7d1888639e6fb06b2749cbfdac1ff7,78,11793.89,246,2970,13221498.11,8.28,0.089,63.05
e8b3a3a38279a82f0e5d006d5e5b7d2c,80,11762.4,247,2970,13221498.11,8.32,0.089,63.14
bba3293d6f5d5af2f415e004e8b93ae3,17,11702.1,248,2970,13221498.11,8.35,0.089,63.23
e26901d5ab434ce92fd9b5c256820a4e,197,11601.5,249,2970,13221498.11,8.38,0.088,63.32
25e6ffe976bd75618accfe16cefcbd0d,106,11552.62,250,2970,13221498.11,8.42,0.087,63.4
c4d51195486dc781531876a7d00453d8,17,11468.98,251,2970,13221498.11,8.45,0.087,63.49
d1b65fc7debc3361ea86b5f14c68d2e2,39,11413.17,252,2970,13221498.11,8.48,0.086,63.58
b4f8921fcc4ff77b66bea6dda43dcd51,18,11395.05,253,2970,13221498.11,8.52,0.086,63.66
0be8ff43f22e456b4e0371b2245e4d01,156,11336.0,254,2970,13221498.11,8.55,0.086,63.75
c60b801f2d52c7f7f91de00870882a75,39,11296.5,255,2970,13221498.11,8.59,0.085,63.83
5d378b73ab7dd6f0418d743e5dcb0bd1,6,11254.0,256,2970,13221498.11,8.62,0.085,63.92
1d8dbc4f32378d715c717c1c1fc57bae,91,11205.99,257,2970,13221498.11,8.65,0.085,64.0
6cd68b3ed6d59aaa9fece558ad360c0a,149,11188.57,258,2970,13221498.11,8.69,0.085,64.09
cab85505710c7cb9b720bceb52b01cee,201,11124.6,259,2970,13221498.11,8.72,0.084,64.17
80e6699fe29150b372a0c8a1ebf7dcc8,96,11119.66,260,2970,13221498.11,8.75,0.084,64.26
ccb83a794700270fde70898fe9ff368b,12,11062.0,261,2970,13221498.11,8.79,0.084,64.34
5a8e7d5003a1f221f9e1d6e411de7c23,137,11042.1,262,2970,13221498.11,8.82,0.084,64.42
8d956fec2e4337affcb520f56fd8cbfd,210,10988.2,263,2970,13221498.11,8.86,0.083,64.51
95e03ca3d4146e4011985981aeb959b9,172,10865.16,264,2970,13221498.11,8.89,0.082,64.59
7ea5bfa6c340f58f8e71fc1f0412b0d6,96,10838.41,265,2970,13221498.11,8.92,0.082,64.67
813348c996469b40f2e028d5429d3495,172,10813.53,266,2970,13221498.11,8.96,0.082,64.75
82e0a475a88cc9595229d8029273f045,41,10748.02,267,2970,13221498.11,8.99,0.081,64.83
23d7c96d4a1160db1c726b248601b25a,50,10658.24,268,2970,13221498.11,9.02,0.081,64.91
c9c7905cffc4ef9ff9f113554423e671,127,10657.18,269,2970,13221498.11,9.06,0.081,65.0
dd2bdf855a9172734fbc3744021ae9b9,105,10607.0,270,2970,13221498.11,9.09,0.08,65.08
0ea22c1cfbdc755f86b9b54b39c16043,234,10592.1,271,2970,13221498.11,9.12,0.08,65.16
c864036feaab8c1659f65ea4faebe1da,58,10454.2,272,2970,13221498.11,9.16,0.079,65.23
6973a06f484aacf400ece213dbf3d946,89,10418.72,273,2970,13221498.11,9.19,0.079,65.31
54965bbe3e4f07ae045b90b0b8541f52,73,10351.7,274,2970,13221498.11,9.23,0.078,65.39
ea566164622c6b439516ab18062c42cd,50,10309.42,275,2970,13221498.11,9.26,0.078,65.47
33a6f4b1e7cdc205511e76ba1b6e0186,105,10295.01,276,2970,13221498.11,9.29,0.078,65.55
f262cbc1c910c83959f849465454ddd3,189,10199.86,277,2970,13221498.11,9.33,0.077,65.62
1c5e4e49b9079480255b49d50aac1aa9,12,10173.11,278,2970,13221498.11,9.36,0.077,65.7
b499c00f28f4b7069ff6550af8c1348a,147,10162.18,279,2970,13221498.11,9.39,0.077,65.78
c510bc1718f0f2961eaa42a23330681a,12,10141.0,280,2970,13221498.11,9.43,0.077,65.86
9d5a9018aee56acb367ba9c3f05d1d6a,66,10119.98,281,2970,13221498.11,9.46,0.077,65.93
7b1222c3624aa89b9558b50a2594188c,22,10103.52,282,2970,13221498.11,9.49,0.076,66.01
5882820ef11c4c068eea0677a7a879b4,14,9925.5,283,2970,13221498.11,9.53,0.075,66.08
0df3984f9dfb3d49ac6366acbd3bbb85,86,9891.49,284,2970,13221498.11,9.56,0.075,66.16
9d4db00d65d7760644ac0c14edb5fd86,97,9845.71,285,2970,13221498.11,9.6,0.074,66.23
06532f10282704ef4c69168b914b77be,7,9827.95,286,2970,13221498.11,9.63,0.074,66.31
5343d0649eca2a983820bfe93fc4d17e,70,9819.02,287,2970,13221498.11,9.66,0.074,66.38
f3b80352b986ab4d1057a4b724be19d0,86,9815.1,288,2970,13221498.11,9.7,0.074,66.46
5058e8c1e82653974541e83690655b4a,62,9812.83,289,2970,13221498.11,9.73,0.074,66.53
bd23da7354813347129d751591d1a6e2,86,9704.6,290,2970,13221498.11,9.76,0.073,66.6
17ca9b9e9b9ef8fdb529001b49ebb50f,115,9649.86,291,2970,13221498.11,9.8,0.073,66.68
e96498ed8daaa3e9c23f7a62da76591c,34,9619.09,292,2970,13221498.11,9.83,0.073,66.75
e7df4cd29ab5abab70fb0783ddb53987,23,9608.7,293,2970,13221498.11,9.87,0.073,66.82
cf8ab1616079e2793aa29d524df01bb1,6,9594.0,294,2970,13221498.11,9.9,0.073,66.89
b2ac621f0d0322434d04a12b078b9369,30,9575.5,295,2970,13221498.11,9.93,0.072,66.97
ef506c96320abeedfb894c34db06f478,316,9556.5,296,2970,13221498.11,9.97,0.072,67.04
1c129092bf23f28a5930387c980c0dfc,200,9528.62,297,2970,13221498.11,10.0,0.072,67.11
4830e40640734fc1c52cd21127c341d4,204,9490.5,298,2970,13221498.11,10.03,0.072,67.18
3db66a856d18a9cba7c9241fc5221c50,94,9478.3,299,2970,13221498.11,10.07,0.072,67.25
ce27a3cc3c8cc1ea79d11e561e9bebb6,122,9465.45,300,2970,13221498.11,10.1,0.072,67.33
01cf7e3d21494c41fb86034f2e714fa1,59,9439.56,301,2970,13221498.11,10.13,0.071,67.4
a00824eb9093d40e589b940ec45c4eb0,3,9399.97,302,2970,13221498.11,10.17,0.071,67.47
3c487ae8f8d7542beff5788e2e0aea83,30,9385.7,303,2970,13221498.11,10.2,0.071,67.54
31344c16881c08a8a72c6d2eb29918c1,42,9365.8,304,2970,13221498.11,10.24,0.071,67.61
05feb94f19d094d4b0f9281f0b1d4c99,6,9353.0,305,2970,13221498.11,10.27,0.071,67.68
aaed1309374718fdd995ee4c58c9dfcd,104,9345.45,306,2970,13221498.11,10.3,0.071,67.75
270297ead4c65a6cd2593960d2af6b21,17,9344.4,307,2970,13221498.11,10.34,0.071,67.82
81a1104df0f08b59c68aa5b03cfe398e,72,9320.98,308,2970,13221498.11,10.37,0.07,67.89
7b07b3c7487f0ea825fc6df75abd658b,91,9259.47,309,2970,13221498.11,10.4,0.07,67.96
ca3bd7cd9f149df75950150d010fe4a2,68,9253.47,310,2970,13221498.11,10.44,0.07,68.03
aafe36600ce604f205b86b5084d3d767,129,9251.4,311,2970,13221498.11,10.47,0.07,68.1
d71d863e5ef30d94e440c11be17dcd8f,23,9246.9,312,2970,13221498.11,10.51,0.07,68.17
7040e82f899a04d1b434b795a43b4617,208,9213.7,313,2970,13221498.11,10.54,0.07,68.24
cb8bcce248bb1fb274ba762d8b971456,66,9152.4,314,2970,13221498.11,10.57,0.069,68.31
dd7ddc04e1b6c2c614352b383efe2d36,121,9148.61,315,2970,13221498.11,10.61,0.069,68.38
6c12e40690c335dbc2f68a4134d30dc1,16,9139.2,316,2970,13221498.11,10.64,0.069,68.45
0db783cfcd3b73998abc6e10e59a102f,132,9077.4,317,2970,13221498.11,10.67,0.069,68.52
06df0c10d34e459d9672bc77388742eb,26,9070.0,318,2970,13221498.11,10.71,0.069,68.59
048c2757535328e0d7dac690ad3c0aae,50,9065.08,319,2970,13221498.11,10.74,0.069,68.66
5b8154610ebb21fb90eb587365e673df,37,9048.05,320,2970,13221498.11,10.77,0.068,68.72
624f4ece8da4aafb77699233d480f8ef,52,9046.0,321,2970,13221498.11,10.81,0.068,68.79
4e7c18b98d84e05cbae3ff0ff03846c2,81,9038.9,322,2970,13221498.11,10.84,0.068,68.86
8b28d096634035667e8263d57ba3368c,139,9025.3,323,2970,13221498.11,10.88,0.068,68.93
403aa86912527d730337ffcb0fb096ab,11,8959.89,324,2970,13221498.11,10.91,0.068,69.0
066a6914e1ebf3ea95a216c73a986b91,66,8956.38,325,2970,13221498.11,10.94,0.068,69.06
f27e33c6d29b5138fa9967bcd445b6d5,93,8888.3,326,2970,13221498.11,10.98,0.067,69.13
32b8764b4ef628b53608fc34011fcc13,36,8884.0,327,2970,13221498.11,11.01,0.067,69.2
5f2684dab12e59f83bef73ae57724e45,67,8870.97,328,2970,13221498.11,11.04,0.067,69.27
d03698c2efd04a549382afa6623e27fb,18,8865.47,329,2970,13221498.11,11.08,0.067,69.33
f80edd2c5aaa505cc4b0a3b219abf4b8,116,8855.5,330,2970,13221498.11,11.11,0.067,69.4
8e8a7ce9f2f970dc00e2acf6f6e199f6,63,8821.0,331,2970,13221498.11,11.14,0.067,69.47
af4a0e4cfe1d9c26b6712b1be25a72e5,21,8757.98,332,2970,13221498.11,11.18,0.066,69.53
9b013e03b2ab786505a1d3b5c0756754,170,8714.55,333,2970,13221498.11,11.21,0.066,69.6
6d803cb79cc31c41c4c789a75933b3c7,58,8711.4,334,2970,13221498.11,11.25,0.066,69.67
1da3aeb70d7989d1e6d9b0e887f97c23,261,8691.56,335,2970,13221498.11,11.28,0.066,69.73
b1a81260566c1bac3114a6d124413f27,51,8684.69,336,2970,13221498.11,11.31,0.066,69.8
562fc2f2c2863ab7e79a9e4388a58a14,255,8659.25,337,2970,13221498.11,11.35,0.065,69.86
a49928bcdf77c55c6d6e05e09a9b4ca5,96,8646.9,338,2970,13221498.11,11.38,0.065,69.93
17306570e772e7718c92a562d33f5f1d,27,8640.0,339,2970,13221498.11,11.41,0.065,69.99
fffd5413c0700ac820c7069d66d98c89,57,8535.0,340,2970,13221498.11,11.45,0.065,70.06
6c7d50c24b3ccd2fd83b44d8bb34e073,112,8445.96,341,2970,13221498.11,11.48,0.064,70.12
259f7b5e6e482c230e5bfaa670b6bb8f,136,8393.14,342,2970,13221498.11,11.52,0.063,70.18
054694fa03fe82cec4b7551487331d74,20,8286.1,343,2970,13221498.11,11.55,0.063,70.25
db2956745b3a8e9f3785c99f34b5d25e,45,8261.0,344,2970,13221498.11,11.58,0.062,70.31
b92e3c8f9738272ff7c59e111e108d7c,62,8231.09,345,2970,13221498.11,11.62,0.062,70.37
cbd996ad3c1b7dc71fd0e5f5df9087e2,160,8217.5,346,2970,13221498.11,11.65,0.062,70.43
397c4d0c005b6f41f90098ac724e28cb,5,8177.0,347,2970,13221498.11,11.68,0.062,70.5
4371b634e0efc0e22b09b52907d9d469,101,8168.0,348,2970,13221498.11,11.72,0.062,70.56
67883baaae6134ee81b271a542613728,19,8167.9,349,2970,13221498.11,11.75,0.062,70.62
86bb7c4b535e49a541baf3266b1c95b1,16,8162.4,350,2970,13221498.11,11.78,0.062,70.68
fdb9095204a334cd8872252ffec6f2db,46,8156.0,351,2970,13221498.11,11.82,0.062,70.74
52d76513f0c4d97f3b99570e2c94ee31,19,8153.1,352,2970,13221498.11,11.85,0.062,70.8
33a17d60c64393351ebf1ef860f4e0f2,43,8152.48,353,2970,13221498.11,11.89,0.062,70.87
93dc87703c046b603023e75222018b45,33,8149.35,354,2970,13221498.11,11.92,0.062,70.93
784ba75dd9d20200c4caed3d7a77141a,19,8142.33,355,2970,13221498.11,11.95,0.062,70.99
4bfc7a4a1cf8d4d2121c27422d9e50b5,26,8124.4,356,2970,13221498.11,11.99,0.061,71.05
8fb791022c1fc8909664f48ab7dc636d,5,8119.95,357,2970,13221498.11,12.02,0.061,71.11
7d456afc660226829370f3173d14520c,55,8118.25,358,2970,13221498.11,12.05,0.061,71.17
6c177e38df6d3f34182b1f1d427231bf,53,8112.89,359,2970,13221498.11,12.09,0.061,71.24
6bd69102ab48df500790a8cecfc285c2,5,8070.0,360,2970,13221498.11,12.12,0.061,71.3
fcb5ace8bcc92f75707dc0f01a27d269,59,8009.35,361,2970,13221498.11,12.15,0.061,71.36
b1fc4f64df5a0e8b6913ab38803c57a9,107,7994.74,362,2970,13221498.11,12.19,0.06,71.42
903037660cf848a717166eb7a06d616e,44,7935.18,363,2970,13221498.11,12.22,0.06,71.48
5656537e588803a555b8eb41f07a944b,171,7931.26,364,2970,13221498.11,12.26,0.06,71.54
3078096983cf766a32a06257648502d1,56,7910.84,365,2970,13221498.11,12.29,0.06,71.6
972d0f9cf61b499a4812cf0bfa3ad3c4,81,7910.42,366,2970,13221498.11,12.32,0.06,71.66
750303a20e9c56b2a6bc45cdce0b897d,53,7876.0,367,2970,13221498.11,12.36,0.06,71.72
bbf9ad41dca6603e614efcdad7aab8c4,14,7846.0,368,2970,13221498.11,12.39,0.059,71.78
725c32fa80c2faacc4fc88450d27314e,89,7838.88,369,2970,13221498.11,12.42,0.059,71.84
8476243f92442881ddd5b578975cf115,12,7838.0,370,2970,13221498.11,12.46,0.059,71.89
2dee2ce60de9709b1a24083217181a1f,54,7784.5,371,2970,13221498.11,12.49,0.059,71.95
b18dc380845b24038cfc48006478f099,43,7753.96,372,2970,13221498.11,12.53,0.059,72.01
7bac63f6603d382cc8d0832eb6c100a8,19,7751.95,373,2970,13221498.11,12.56,0.059,72.07
5b925e1d006e9476d738aa200751b73b,63,7748.5,374,2970,13221498.11,12.59,0.059,72.13
6fd52c528dcb38be2eea044946b811f8,67,7743.02,375,2970,13221498.11,12.63,0.059,72.19
257e61d3251fb5efb9daadddbc2cf7ca,12,7729.0,376,2970,13221498.11,12.66,0.058,72.25
ebd2d60905fb58271facef5596b620d3,82,7713.02,377,2970,13221498.11,12.69,0.058,72.3
3bb548e3cb7f70f28e3f11ee9dce0e59,46,7690.02,378,2970,13221498.11,12.73,0.058,72.36
2089a6d640999f9b9141ac719b2af596,41,7676.02,379,2970,13221498.11,12.76,0.058,72.42
08633c14ef2db992c11f840f04fad4cd,74,7644.3,380,2970,13221498.11,12.79,0.058,72.48
73a63f72308aa20a46f4b1632018f196,27,7640.8,381,2970,13221498.11,12.83,0.058,72.54
4e17c65a516f69d023a2ae78b84f28d6,61,7639.26,382,2970,13221498.11,12.86,0.058,72.59
52f976b17ea7f2f087f56dcc419328f6,6,7630.0,383,2970,13221498.11,12.9,0.058,72.65
9596c870880d900012f2e8e6e30d06d7,21,7625.35,384,2970,13221498.11,12.93,0.058,72.71
0432ead42b6c8a0bdf68154add917fdf,82,7574.4,385,2970,13221498.11,12.96,0.057,72.77
42bde9fef835393bb8a8849cb6b7f245,34,7574.0,386,2970,13221498.11,13.0,0.057,72.82
8a432f4e5b471f8da497d7dc517666e2,95,7555.0,387,2970,13221498.11,13.03,0.057,72.88
e5a3438891c0bfdb9394643f95273d8e,216,7549.96,388,2970,13221498.11,13.06,0.057,72.94
058fd0aa2bfdb2274e05e1ae971dabb6,60,7549.9,389,2970,13221498.11,13.1,0.057,73.0
7008613ea464bad5cb9b83456e1e6a8f,123,7538.7,390,2970,13221498.11,13.13,0.057,73.05
640e21a7d01df7614a3b4923e990d40c,115,7528.89,391,2970,13221498.11,13.16,0.057,73.11
c26a2be5b53b7db6b276280da212a779,13,7482.0,392,2970,13221498.11,13.2,0.057,73.17
062ce95fa2ad4dfaedfc79260130565f,54,7479.1,393,2970,13221498.11,13.23,0.057,73.22
bd0389da23d89b726abf911cccc54596,87,7472.16,394,2970,13221498.11,13.27,0.057,73.28
a420f60ff1aa9acc80d0e42959f2b313,67,7443.3,395,2970,13221498.11,13.3,0.056,73.34
7a241947449cc45dbfda4f9d0798d9d0,56,7434.66,396,2970,13221498.11,13.33,0.056,73.39
0bae85eb84b9fb3bd773911e89288d54,136,7433.56,397,2970,13221498.11,13.37,0.056,73.45
18a349e75d307f4b4cc646a691ed4216,109,7425.21,398,2970,13221498.11,13.4,0.056,73.5
512d298ac2a96d1931b6bd30aa21f61d,11,7401.94,399,2970,13221498.11,13.43,0.056,73.56
e0a366315b1b726b6c7832d664c0f530,43,7400.09,400,2970,13221498.11,13.47,0.056,73.62
d51e0a403fe2e689ece6c73359d96e12,18,7380.0,401,2970,13221498.11,13.5,0.056,73.67
f25e239052084705e17a982bc600ab2a,8,7380.0,402,2970,13221498.11,13.54,0.056,73.73
b410bdd36d5db7a65dcd42b7ead933b8,42,7368.9,403,2970,13221498.11,13.57,0.056,73.78
381c83fdca332ea6afd896da20bf6e4a,46,7355.8,404,2970,13221498.11,13.6,0.056,73.84
a2e874074c877c5a05abae80ad6e488f,40,7355.0,405,2970,13221498.11,13.64,0.056,73.89
961dff0a659b4561334372337dd897d9,3,7297.0,406,2970,13221498.11,13.67,0.055,73.95
b347677812ea483b0f528eaf8cbc09b7,21,7288.99,407,2970,13221498.11,13.7,0.055,74.01
4aba391bc3b88717ce08eb11e44937b2,27,7286.88,408,2970,13221498.11,13.74,0.055,74.06
aced59e9b31ef866a94f9e7f29d8d418,61,7268.5,409,2970,13221498.11,13.77,0.055,74.12
e333046ce6517bd8bb510291d44f0130,68,7268.0,410,2970,13221498.11,13.8,0.055,74.17
0873d9f8f36123f8d910f4760e788cfb,6,7265.59,411,2970,13221498.11,13.84,0.055,74.23
8648b1e89e9b349e32d3741b30ec737e,93,7228.75,412,2970,13221498.11,13.87,0.055,74.28
6a51fc556dab5f766ced6fbc860bc613,24,7217.87,413,2970,13221498.11,13.91,0.055,74.33
cee48807215b30a12ca2ca10ffb5f250,39,7212.23,414,2970,13221498.11,13.94,0.055,74.39
d624126b9206f595fb3fbb6ba03b28a8,23,7198.8,415,2970,13221498.11,13.97,0.054,74.44
ade45994b717ccee333492330fbf037b,10,7196.0,416,2970,13221498.11,14.01,0.054,74.5
dbb9b48c841a0e39e21f98e1a6b2ec3e,108,7186.85,417,2970,13221498.11,14.04,0.054,74.55
cc63f0dd2acba93ffed4fe9f8e0321fa,55,7096.71,418,2970,13221498.11,14.07,0.054,74.61
febab0275244b9a49a623f0bd613ca2f,106,7094.82,419,2970,13221498.11,14.11,0.054,74.66
54065e9aef7e9e9c2dc23b7594db021a,12,7079.0,420,2970,13221498.11,14.14,0.054,74.71
87e24fc7052259b1f7f607d61c10d8be,7,7073.59,421,2970,13221498.11,14.18,0.054,74.77
d13e50eaa47b4cbe9eb81465865d8cfc,66,7073.05,422,2970,13221498.11,14.21,0.053,74.82
014c0679dd340a0e338872e7ec85666a,14,7058.0,423,2970,13221498.11,14.24,0.053,74.87
7722b1df1b0e383e000397b2c11e3e19,133,7046.6,424,2970,13221498.11,14.28,0.053,74.93
f1fd5ab1181f827ffad998c1a5de7d74,15,7045.99,425,2970,13221498.11,14.31,0.053,74.98
dd55f1bb788714a40e7954c3be6df745,35,7041.76,426,2970,13221498.11,14.34,0.053,75.03
679769a98cfcc6da877c8486ff1c13f3,21,7029.0,427,2970,13221498.11,14.38,0.053,75.09
6fa9202c10491e472dffd59a3e82b2a3,3,7014.24,428,2970,13221498.11,14.41,0.053,75.14
b8630e1121437d41cb08e3c749c2c2e2,12,6988.0,429,2970,13221498.11,14.44,0.053,75.19
d98eec89afa3380e14463da2aabaea72,168,6968.53,430,2970,13221498.11,14.48,0.053,75.25
30829ded4523ab9224b93bc49a62c95f,18,6911.71,431,2970,13221498.11,14.51,0.052,75.3
d9bd94811c3338dceb4181f3dbc0c73e,54,6911.02,432,2970,13221498.11,14.55,0.052,75.35
36a968b544695394e4e9d7572688598f,148,6864.47,433,2970,13221498.11,14.58,0.052,75.4
b3b17aab11f273023a5f22ca52e1eb70,7,6850.0,434,2970,13221498.11,14.61,0.052,75.45
58f1a6197ed863543e0136bdedb3fce2,44,6833.0,435,2970,13221498.11,14.65,0.052,75.5
5b67882648febfb6e1225e6ad7164f6b,27,6813.48,436,2970,13221498.11,14.68,0.052,75.56
33dd941c27854f7625b968cc6195a552,5,6787.5,437,2970,13221498.11,14.71,0.051,75.61
40d54b51e962dbe09cabbcfd33298dee,30,6785.56,438,2970,13221498.11,14.75,0.051,75.66
ff1fb4c404b2efe68b03350a8dc24122,46,6771.0,439,2970,13221498.11,14.78,0.051,75.71
54219883e72aad869adfb2a54b7bfa0f,5,6750.0,440,2970,13221498.11,14.81,0.051,75.76
e3b4998c7a498169dc7bce44e6bb6277,1,6735.0,441,2970,13221498.11,14.85,0.051,75.81
3340ef1913fb70d28420f6ceb685c339,32,6731.15,442,2970,13221498.11,14.88,0.051,75.86
455c5640e8c5bd1b2ee85c0158f85727,8,6729.5,443,2970,13221498.11,14.92,0.051,75.91
80ceebb4ee9b31afb6c6a916a574a1e2,1,6729.0,444,2970,13221498.11,14.95,0.051,75.97
abe021b01ba992245271b9aa422032df,2,6720.0,445,2970,13221498.11,14.98,0.051,76.02
31ae0774c17fabd06ff707cc5bde005f,11,6719.85,446,2970,13221498.11,15.02,0.051,76.07
ececbfcff9804a2d6b40f589df8eef2b,97,6714.15,447,2970,13221498.11,15.05,0.051,76.12
fa1a9dec3a9940c072684a46728bf1fc,55,6674.0,448,2970,13221498.11,15.08,0.05,76.17
1127b7f2594683f2510f1c2c834a486b,110,6669.7,449,2970,13221498.11,15.12,0.05,76.22
33c51922b6e3c16b24a8f28e5833c99d,18,6657.87,450,2970,13221498.11,15.15,0.05,76.27
b4ffb71f0cb1b1c3d63fad021ecf93e1,143,6635.69,451,2970,13221498.11,15.19,0.05,76.32
5670f4db5b62c43d542e1b2d56b0cf7c,22,6630.09,452,2970,13221498.11,15.22,0.05,76.37
63b464dbf392c7b80d12d932fa7cafed,36,6622.0,453,2970,13221498.11,15.25,0.05,76.42
609e1a9a6c2539919b8205cf7c4e6ff0,87,6595.23,454,2970,13221498.11,15.29,0.05,76.47
83e197e95a1bbabc8c75e883ed016c47,46,6574.19,455,2970,13221498.11,15.32,0.05,76.52
aac29b1b99776be73c3049939652091d,94,6563.66,456,2970,13221498.11,15.35,0.05,76.57
5d0363b33554b373851fc1622e4d5f3c,93,6548.79,457,2970,13221498.11,15.39,0.05,76.62
11305281b50fff20ae8bb473f8e11876,35,6528.7,458,2970,13221498.11,15.42,0.049,76.67
751bdc4d83a466c7206cd42e8f426b03,51,6520.96,459,2970,13221498.11,15.45,0.049,76.72
ee27a8f15b1dded4d213a468ba4eb391,1,6499.0,460,2970,13221498.11,15.49,0.049,76.77
e5e33c0d8e7e002f398f5dc4cbbb338f,26,6494.9,461,2970,13221498.11,15.52,0.049,76.81
282f23a9769b2690c5dda22e316f9941,98,6464.28,462,2970,13221498.11,15.56,0.049,76.86
516e7738bd8f735ac19a010ee5450d8d,74,6463.19,463,2970,13221498.11,15.59,0.049,76.91
4c03b9dd4c11ee2cb35c96c49efc9420,48,6458.6,464,2970,13221498.11,15.62,0.049,76.96
92eb0f42c21942b6552362b9b114707d,334,6416.41,465,2970,13221498.11,15.66,0.049,77.01
7dc8c42cc750eeafea6c85712ffee9bf,41,6409.68,466,2970,13221498.11,15.69,0.048,77.06
376a891762bbdecbc02b4b6adec3fdda,57,6406.23,467,2970,13221498.11,15.72,0.048,77.11
34056b8b55c1775a22af2331670a799c,77,6398.7,468,2970,13221498.11,15.76,0.048,77.16
dbdd0ec73a4817971d962698f2fea022,16,6384.0,469,2970,13221498.11,15.79,0.048,77.2
4b5f66b7adcf57f1ecc0d3c07dd6b177,23,6381.78,470,2970,13221498.11,15.82,0.048,77.25
02f623a8eb246f3c5f7c2f96462654e6,44,6378.0,471,2970,13221498.11,15.86,0.048,77.3
ff4ea69c2a729e83e63c7579e4ef8170,8,6368.0,472,2970,13221498.11,15.89,0.048,77.35
57e632711dec9ec14ca7546769483e7e,62,6350.06,473,2970,13221498.11,15.93,0.048,77.4
1da366cade6d8276e7d8beea7af5d4bf,42,6348.59,474,2970,13221498.11,15.96,0.048,77.44
989becdce12ebc39863c2bceab6f3ca1,15,6302.9,475,2970,13221498.11,15.99,0.048,77.49
bd4889b5e9133b35b66e42a8665cea5c,36,6271.9,476,2970,13221498.11,16.03,0.047,77.54
6b243f80ed07b10f0e8aa0f21a205f3c,79,6260.1,477,2970,13221498.11,16.06,0.047,77.59
ea67327e24487bdfac5fbfa37ea124df,32,6250.18,478,2970,13221498.11,16.09,0.047,77.63
670c26e0f1bf8d0576271d5cfaec6d2b,77,6250.1,479,2970,13221498.11,16.13,0.047,77.68
2528744c5ef5d955adc318720a94d2e7,5,6245.0,480,2970,13221498.11,16.16,0.047,77.73
eb3071b9f0b0ddaa2df5ea130f09f26b,9,6230.0,481,2970,13221498.11,16.2,0.047,77.78
dee656f0f566ed1aa85bd137c943f08f,92,6212.08,482,2970,13221498.11,16.23,0.047,77.82
dfc5fb7259bb2b599ca565e6e9448f0f,33,6124.63,483,2970,13221498.11,16.26,0.046,77.87
8a32e327fe2c1b3511609d81aaf9f042,126,6101.12,484,2970,13221498.11,16.3,0.046,77.92
f12ff17ad8bbf01ec5c33b17e506649b,28,6101.0,485,2970,13221498.11,16.33,0.046,77.96
d6b664fa0667064c6d76394e7848d790,6,6080.0,486,2970,13221498.11,16.36,0.046,78.01
bacb1f0ed56ad24198f5810d2b3fe9a5,38,6078.05,487,2970,13221498.11,16.4,0.046,78.05
6f892e20a171e98efe17fdb971ff319b,41,6049.0,488,2970,13221498.11,16.43,0.046,78.1
ad781527c93d00d89a11eecd9dcad7c1,38,6039.63,489,2970,13221498.11,16.46,0.046,78.14
2c9e548be18521d1c43cde1c582c6de8,124,6013.56,490,2970,13221498.11,16.5,0.045,78.19
ba143b05f0110f0dc71ad71b4466ce92,83,5998.7,491,2970,13221498.11,16.53,0.045,78.24
9baf5cb77970f539089d09a38bcec5c3,31,5989.68,492,2970,13221498.11,16.57,0.045,78.28
f4c4daa86e30c7e5a553a8d518ac03a5,18,5984.31,493,2970,13221498.11,16.6,0.045,78.33
bba74270a87732727b5a3b4fd9ac1c39,35,5964.6,494,2970,13221498.11,16.63,0.045,78.37
37515688008a7a40ac93e3b2e4ab203f,227,5954.1,495,2970,13221498.11,16.67,0.045,78.42
26d8a1c7c75d513045798992ead43aa2,34,5937.13,496,2970,13221498.11,16.7,0.045,78.46
8e6cc767478edae941d9bd9eb778d77a,100,5929.35,497,2970,13221498.11,16.73,0.045,78.51
6a8b085f816a1f75f92dbac6eb545f8f,125,5884.17,498,2970,13221498.11,16.77,0.045,78.55
0691148aee60ca47977c187804f935ae,47,5868.51,499,2970,13221498.11,16.8,0.044,78.6
f84a00e60c73a49e7e851c9bdca3a5bb,88,5849.24,500,2970,13221498.11,16.84,0.044,78.64
688756f717c462a206ad854c5027a64a,81,5837.67,501,2970,13221498.11,16.87,0.044,78.68
2fdde51ad3e12f297da656d4fbd5d0b5,9,5803.0,502,2970,13221498.11,16.9,0.044,78.73
02d35243ea2e497335cd0f076b45675d,14,5794.0,503,2970,13221498.11,16.94,0.044,78.77
0bf0150d5b9d60d9cd2906003332f085,39,5774.6,504,2970,13221498.11,16.97,0.044,78.81
05d2173d43ea568aa0540eba70d2ca76,62,5759.66,505,2970,13221498.11,17.0,0.044,78.86
f46490624488d3ff7ce78613913a7711,80,5690.95,506,2970,13221498.11,17.04,0.043,78.9
a63bfbaa882c8f4542891b4e2246cc7f,6,5682.0,507,2970,13221498.11,17.07,0.043,78.94
91f848e9f4be368f4318775aac733370,60,5668.61,508,2970,13221498.11,17.1,0.043,78.99
52ac6f920b7280e4c6d30dd94de6259b,6,5657.3,509,2970,13221498.11,17.14,0.043,79.03
9616352088dcf83a7c06637f4ebf1c80,91,5643.1,510,2970,13221498.11,17.17,0.043,79.07
8c16d1f32a54d92897cc437244442e1b,108,5642.6,511,2970,13221498.11,17.21,0.043,79.12
e8b4225284fbb02d16f200513f1f395d,30,5638.62,512,2970,13221498.11,17.24,0.043,79.16
080102cd0a76b09e0dcf55fcacc60e05,122,5612.65,513,2970,13221498.11,17.27,0.042,79.2
d63c73efd41eb002280e7ec831424edb,2,5598.0,514,2970,13221498.11,17.31,0.042,79.24
b14db04aa7881970e83ffa9426897925,78,5595.9,515,2970,13221498.11,17.34,0.042,79.29
f181738b150df1f37cb0bd72e705b193,36,5529.7,516,2970,13221498.11,17.37,0.042,79.33
04aa0a1c5ce6b222003403a3e11c3cc0,11,5518.0,517,2970,13221498.11,17.41,0.042,79.37
cc3d14116804f7209f3884f6367f1152,27,5477.8,518,2970,13221498.11,17.44,0.041,79.41
94e93ce877be27a515118dbfd2c2be41,29,5436.58,519,2970,13221498.11,17.47,0.041,79.45
575df70bde3f9f2b30bf8d2e9910d725,27,5410.05,520,2970,13221498.11,17.51,0.041,79.49
3f0e48d209018b466fcd3bb4ccfeb520,9,5399.0,521,2970,13221498.11,17.54,0.041,79.53
c4af86330efa7a2620772227d2d670c9,4,5396.0,522,2970,13221498.11,17.58,0.041,79.57
e2aee0892199b1d92530e371abd825bf,36,5392.77,523,2970,13221498.11,17.61,0.041,79.61
3ade81dab5a172b88e1871c28ae05260,28,5383.6,524,2970,13221498.11,17.64,0.041,79.66
23c38debaffe4a25a30fdbd9b586a13f,41,5382.18,525,2970,13221498.11,17.68,0.041,79.7
83deb69e889cf80f82be1dc6d5f2d486,40,5363.01,526,2970,13221498.11,17.71,0.041,79.74
2a261b5b644fa05f4f2700eb93544f2c,51,5355.0,527,2970,13221498.11,17.74,0.041,79.78
817245bcc3badd82bbd222e0366951a6,28,5345.6,528,2970,13221498.11,17.78,0.04,79.82
e62b2d6ac10570a035a30bafcf01d263,62,5340.39,529,2970,13221498.11,17.81,0.04,79.86
916c9de0b5ad957346eeeb12f332687e,22,5336.5,530,2970,13221498.11,17.85,0.04,79.9
a4b6b9b992b46e9ef863637af96e04bc,6,5293.0,531,2970,13221498.11,17.88,0.04,79.94
b6d44737c043328708f6749c2dbe50bd,61,5284.6,532,2970,13221498.11,17.91,0.04,79.98
e06f09ec0a4aca210779cf1cfc63cf19,29,5279.49,533,2970,13221498.11,17.95,0.04,80.02
02ecc2a19303f05e59ce133fd923fff7,21,5264.19,534,2970,13221498.11,17.98,0.04,80.06
e9c6969d40e6a3d2d0f90013165c2b98,10,5239.98,535,2970,13221498.11,18.01,0.04,80.1
5bffbafbb22daf6d3bfc216a46db8708,21,5239.7,536,2970,13221498.11,18.05,0.04,80.14
4d0041cdbe51b4617d95c70b19decc74,8,5235.2,537,2970,13221498.11,18.08,0.04,80.18
3be634553519fb6536a03e1358e9fdc7,80,5231.02,538,2970,13221498.11,18.11,0.04,80.22
f67efa3f0b6761102a7f8c6b7b571f5d,31,5188.68,539,2970,13221498.11,18.15,0.039,80.26
f680f85bee2d253556ac91be391d2c82,45,5183.92,540,2970,13221498.11,18.18,0.039,80.29
5b179e9e8cc7ab6fd113a46ca584da81,34,5173.5,541,2970,13221498.11,18.22,0.039,80.33
822bad9bc42b51213ba522fe87b7ab5d,18,5160.0,542,2970,13221498.11,18.25,0.039,80.37
709e16e2b25c7474d980076c6bfc4806,60,5151.9,543,2970,13221498.11,18.28,0.039,80.41
d566c37fa119d5e66c4e9052e83ee4ea,65,5145.7,544,2970,13221498.11,18.32,0.039,80.45
fad44952713764836814be105382aee5,32,5129.0,545,2970,13221498.11,18.35,0.039,80.49
4917cee8d902e13428c3ec4b1ca6f315,31,5103.9,546,2970,13221498.11,18.38,0.039,80.53
45ba18c210d42734ec52c0c1c574e9ee,35,5099.44,547,2970,13221498.11,18.42,0.039,80.57
b39d7fe263ef469605dbb32608aee0af,43,5063.2,548,2970,13221498.11,18.45,0.038,80.61
67bf6941ba2f1fa1d02c375766bc3e53,15,5062.0,549,2970,13221498.11,18.48,0.038,80.64
0cbcee27c791afa0cdcb08587a2013a8,37,5054.15,550,2970,13221498.11,18.52,0.038,80.68
e067ad2c1c0b48758eb1b5228bcf7a68,54,5042.55,551,2970,13221498.11,18.55,0.038,80.72
afe0067131b73e40875c9b6c10bd2e21,45,5040.5,552,2970,13221498.11,18.59,0.038,80.76
3df020b72d3d44b3af9d110fa3940b65,55,5039.9,553,2970,13221498.11,18.62,0.038,80.8
e0878efa0e0b7e5313ac0b43bc04c081,26,5025.4,554,2970,13221498.11,18.65,0.038,80.83
099095b050cfe8eb1ddff5317587e96e,16,5003.84,555,2970,13221498.11,18.69,0.038,80.87
4bf2f4ee540798a61f9636d12cd9cc80,29,4995.56,556,2970,13221498.11,18.72,0.038,80.91
f84fa566034f5e8e880a07ec624c56af,89,4993.91,557,2970,13221498.11,18.75,0.038,80.95
835f0f7810c76831d6c7d24c7a646d4d,42,4990.2,558,2970,13221498.11,18.79,0.038,80.99
45213867cefbf2cd4c6177e10216a951,14,4955.42,559,2970,13221498.11,18.82,0.037,81.02
9674754b5a0cb32b638cec001178f799,84,4941.73,560,2970,13221498.11,18.86,0.037,81.06
dbd66278cbfe1aa1000f90a217ca4695,85,4928.9,561,2970,13221498.11,18.89,0.037,81.1
e9d99831abad74458942f21e16f33f92,130,4922.48,562,2970,13221498.11,18.92,0.037,81.13
3ab971ce71839580d2ae5b4e40fe8044,35,4917.0,563,2970,13221498.11,18.96,0.037,81.17
9df5750209b83567ec144eb299d7d634,11,4917.0,564,2970,13221498.11,18.99,0.037,81.21
503c1de08ae81a2d86f17951b204db55,22,4906.99,565,2970,13221498.11,19.02,0.037,81.25
1bb2bdb95f4841f1bba2c0d2cd83d3c9,79,4905.76,566,2970,13221498.11,19.06,0.037,81.28
f789d2c4f2c2eb38fc4373e7a4b35264,44,4864.24,567,2970,13221498.11,19.09,0.037,81.32
0d85bbda9889ce1f7e63778d24f346eb,51,4845.2,568,2970,13221498.11,19.12,0.037,81.36
f7496d659ca9fdaf323c0aae84176632,25,4837.67,569,2970,13221498.11,19.16,0.037,81.39
1336efc61c316ddf92c899eb817f7cae,74,4837.31,570,2970,13221498.11,19.19,0.037,81.43
ce69a8021d18961dd2a40269b7c2c293,19,4818.0,571,2970,13221498.11,19.23,0.036,81.47
abcd2cb37d46c2c8fb1bf071c859fc5b,44,4817.32,572,2970,13221498.11,19.26,0.036,81.5
8f580d36c1e9d6fbce95283403c7d447,8,4813.25,573,2970,13221498.11,19.29,0.036,81.54
c12b92bf1c350f3e6bf88d3596219c86,17,4808.78,574,2970,13221498.11,19.33,0.036,81.58
f6122bc84774df1b372bdb3bb88ddb9f,3,4799.87,575,2970,13221498.11,19.36,0.036,81.61
2a7dc43cecabf23403078e2188437d1d,52,4795.91,576,2970,13221498.11,19.39,0.036,81.65
fcdd820084f17e9982427971e4e9d47f,16,4783.99,577,2970,13221498.11,19.43,0.036,81.68
cfa5ab0e4d3fc212fd0b3410e7081c62,15,4780.81,578,2970,13221498.11,19.46,0.036,81.72
c35affa65afd250151285c5917fc1c8a,8,4779.92,579,2970,13221498.11,19.49,0.036,81.76
dfa0c4c6229ab200a4a1336b4d7128ff,77,4777.1,580,2970,13221498.11,19.53,0.036,81.79
acce39e832338debb07b02385cde5967,44,4748.1,581,2970,13221498.11,19.56,0.036,81.83
30a2f535bb48308f991d0b9ad4a8c4bb,71,4731.3,582,2970,13221498.11,19.6,0.036,81.86
0307f7565ff85b299b6e5ef162b1b1a9,6,4711.9,583,2970,13221498.11,19.63,0.036,81.9
ad420dd0c4f92f8af951ac24b86d0cf5,42,4705.29,584,2970,13221498.11,19.66,0.036,81.94
582d4f8675b945722eda7c0cb61ba4c7,59,4702.96,585,2970,13221498.11,19.7,0.036,81.97
968268a686aa05d1f529fb07dff08130,12,4677.29,586,2970,13221498.11,19.73,0.035,82.01
8931a84a914b3fe9b1ddaa4d704947ca,29,4668.3,587,2970,13221498.11,19.76,0.035,82.04
b2479f944e1b90cf8a5de1bbfde284d6,101,4666.53,588,2970,13221498.11,19.8,0.035,82.08
1a932caad4f9d804097d7f8e615baed1,20,4661.0,589,2970,13221498.11,19.83,0.035,82.11
7e3f87d16fb353f408d467e74fbd8014,91,4653.09,590,2970,13221498.11,19.87,0.035,82.15
0176f73cc1195f367f7b32db1e5b3aa8,37,4643.2,591,2970,13221498.11,19.9,0.035,82.18
ef990a83bbea832f36ebe81376335aa8,43,4642.59,592,2970,13221498.11,19.93,0.035,82.22
537eb890efff034a88679788b647c564,158,4617.9,593,2970,13221498.11,19.97,0.035,82.25
a3dd39f583bc80bd8c5901c95878921e,34,4607.81,594,2970,13221498.11,20.0,0.035,82.29
9add47bf45ce8e8c7db6b9cf670b1e09,41,4606.44,595,2970,13221498.11,20.03,0.035,82.32
06579cb253ecd5a3a12a9e6eb6bf8f47,61,4587.4,596,2970,13221498.11,20.07,0.035,82.36
31da954dc0855f2495c6310f70a2f931,29,4583.0,597,2970,13221498.11,20.1,0.035,82.39
4c498c7345e89aebad651544829beca0,47,4570.27,598,2970,13221498.11,20.13,0.035,82.43
2addf05f476d0637864454e93ba673d5,12,4552.0,599,2970,13221498.11,20.17,0.034,82.46
c68fb906c8f4b4b946d8386bfa6e5467,45,4541.16,600,2970,13221498.11,20.2,0.034,82.5
1fe5540d7c1c37a595fefbacd5570d9e,20,4537.6,601,2970,13221498.11,20.24,0.034,82.53
37dd29b36c458d82f74a953c40c43645,7,4536.99,602,2970,13221498.11,20.27,0.034,82.56
13fa2a6c6b9d0f43cb588d7c82117a12,9,4528.0,603,2970,13221498.11,20.3,0.034,82.6
c840d3fdbba0790404fdae73d253b253,9,4522.28,604,2970,13221498.11,20.34,0.034,82.63
45d33f715e24d15a6ccf5c17b3a23e3c,56,4518.49,605,2970,13221498.11,20.37,0.034,82.67
180c3376aff0e43dd5788709df48a843,5,4513.0,606,2970,13221498.11,20.4,0.034,82.7
b561927807645834b59ef0d16ba55a24,85,4501.99,607,2970,13221498.11,20.44,0.034,82.73
55d3daac7c404d59e51c2aa2f4dc5a23,21,4480.6,608,2970,13221498.11,20.47,0.034,82.77
b4a476fbd28de64b1e347abf9089366a,30,4479.04,609,2970,13221498.11,20.51,0.034,82.8
e81e1f9c3e762e620f3fb60a51499e16,17,4465.99,610,2970,13221498.11,20.54,0.034,82.84
8bd0f31cf0a614c658f6763bd02dea69,33,4455.34,611,2970,13221498.11,20.57,0.034,82.87
b90e891671cffd9557f33a97dc523645,34,4449.0,612,2970,13221498.11,20.61,0.034,82.9
bbad7e518d7af88a0897397ffdca1979,68,4426.32,613,2970,13221498.11,20.64,0.033,82.94
d379f449f2a3b271bc01c0782020f705,28,4423.06,614,2970,13221498.11,20.67,0.033,82.97
0ef83d7d83ed97cd2a0049ac8be5f88a,48,4421.01,615,2970,13221498.11,20.71,0.033,83.0
fc906263ca5083d09dce42fe02247800,112,4417.9,616,2970,13221498.11,20.74,0.033,83.04
f021c962aaba8ef6eb527a9c2c8394d1,5,4398.5,617,2970,13221498.11,20.77,0.033,83.07
beadbee30901a7f61d031b6b686095ad,64,4373.98,618,2970,13221498.11,20.81,0.033,83.1
15aac934c58d886785ac1b17953ea898,25,4353.9,619,2970,13221498.11,20.84,0.033,83.14
eed78ac17f7f795a19a709745f00cd4e,22,4349.5,620,2970,13221498.11,20.88,0.033,83.17
a3f0b55de503387383c7b1de3ad7f678,24,4348.4,621,2970,13221498.11,20.91,0.033,83.2
c500367424994318b9e779ff1ae9a330,9,4346.4,622,2970,13221498.11,20.94,0.033,83.24
2ff97219cb8622eaf3cd89b7d9c09824,87,4339.1,623,2970,13221498.11,20.98,0.033,83.27
834f8533b2ecb6598dd004ff3de7203a,41,4324.35,624,2970,13221498.11,21.01,0.033,83.3
9803a40e82e45418ab7fb84091af5231,11,4278.75,625,2970,13221498.11,21.04,0.032,83.33
282c7480173bb9c01dd41cc739fec010,5,4274.2,626,2970,13221498.11,21.08,0.032,83.37
cc5a78bbad32776dc4e3af205218368c,33,4269.18,627,2970,13221498.11,21.11,0.032,83.4
1fdc574883ef3b33ad41562d93f3a74a,18,4251.0,628,2970,13221498.11,21.14,0.032,83.43
43f8c9950d11ecd03a0304a49e010da6,41,4249.59,629,2970,13221498.11,21.18,0.032,83.46
9b1585752613ec342d03bbab9997ec48,3,4248.98,630,2970,13221498.11,21.21,0.032,83.49
3c03b12bab54d8b37d79d914bfdb1aa0,37,4236.34,631,2970,13221498.11,21.25,0.032,83.53
8a130737016f838139d31878787a39c9,56,4222.03,632,2970,13221498.11,21.28,0.032,83.56
6288c69c4ce638e59925e59193f98b16,20,4196.8,633,2970,13221498.11,21.31,0.032,83.59
23613d49c3ac2bd302259e55c06c050c,69,4193.1,634,2970,13221498.11,21.35,0.032,83.62
8bb48dc19fccaa8613b6229bf7f452a2,82,4190.72,635,2970,13221498.11,21.38,0.032,83.65
b19f3ca2ea475913750f25a5c37c8d8f,19,4174.16,636,2970,13221498.11,21.41,0.032,83.68
5c030029b5916fed0986310385ec9009,7,4164.4,637,2970,13221498.11,21.45,0.031,83.72
bccf933e006e9b94a6184af782963e77,45,4162.74,638,2970,13221498.11,21.48,0.031,83.75
f76a3b1349b6df1ee875d1f3fa4340f0,24,4160.79,639,2970,13221498.11,21.52,0.031,83.78
8b9d6eec4a7eb7d0f9d579ce0b38324d,48,4159.55,640,2970,13221498.11,21.55,0.031,83.81
cd6efc47efaabf134f8bdb654e10b4f1,31,4158.55,641,2970,13221498.11,21.58,0.031,83.84
6fc26fe110feebd80a433e1f012a84f9,35,4150.87,642,2970,13221498.11,21.62,0.031,83.87
65febd49fd28ec955651299159b1f527,33,4136.71,643,2970,13221498.11,21.65,0.031,83.9
cac4c8e7b1ca6252d8f20b2fc1a2e4af,74,4128.19,644,2970,13221498.11,21.68,0.031,83.94
681fce914360217db47784ae28905a96,23,4127.33,645,2970,13221498.11,21.72,0.031,83.97
d66c305afaec317ebee552073a674429,38,4126.59,646,2970,13221498.11,21.75,0.031,84.0
98dac6635aee4995d501a3972e047414,89,4115.75,647,2970,13221498.11,21.78,0.031,84.03
e883aa812c37a7413226856f4579fe91,26,4097.1,648,2970,13221498.11,21.82,0.031,84.06
2a167ca73899c85001a837d8fb4962f6,2,4097.0,649,2970,13221498.11,21.85,0.031,84.09
42b729f859728f5079499127a9c2ef37,103,4096.96,650,2970,13221498.11,21.89,0.031,84.12
99002261c568a84cce14d43fcffb43ea,36,4088.0,651,2970,13221498.11,21.92,0.031,84.15
6b3bd31ad8fcda4b2635ec9f3ff2ecdf,35,4063.9,652,2970,13221498.11,21.95,0.031,84.18
f35b3c613c4f7b2275f4185d0a3c59ec,9,4047.25,653,2970,13221498.11,21.99,0.031,84.21
715bbd5ba4e6b74cb0d2f29eb45058b0,62,4043.3,654,2970,13221498.11,22.02,0.031,84.25
382229d1e840115ffe3dbf5ff460e417,45,4037.06,655,2970,13221498.11,22.05,0.031,84.28
e70053bf73d1b5863932e53a9fa47496,7,4025.0,656,2970,13221498.11,22.09,0.03,84.31
3c7c4a49ec3c6550809089c6a2ca9370,139,4002.75,657,2970,13221498.11,22.12,0.03,84.34
55a5b51f93f2b70ea513f5a047b0262a,39,4002.3,658,2970,13221498.11,22.15,0.03,84.37
6ec1a01e866584bb679eb9b098345919,30,3998.91,659,2970,13221498.11,22.19,0.03,84.4
951e8cef368f09bb3f3d03c00ca4702c,62,3993.31,660,2970,13221498.11,22.22,0.03,84.43
6b333a05bf188ef3e1f1662a86bd9855,12,3990.91,661,2970,13221498.11,22.26,0.03,84.46
bede56095ba33c42038fb85f707b8a42,2,3973.9,662,2970,13221498.11,22.29,0.03,84.49
50c9975695009e5e6473912e83a6d1da,50,3964.4,663,2970,13221498.11,22.32,0.03,84.52
ec8879960bd2221d5c32f8e12f7da711,35,3957.5,664,2970,13221498.11,22.36,0.03,84.55
bf3c6d2a28b2b5501e6c15448982dcc9,35,3956.5,665,2970,13221498.11,22.39,0.03,84.58
3f995f07c49d0d55a99d5c54957f7d81,43,3955.7,666,2970,13221498.11,22.42,0.03,84.61
81f89e42267213cb94da7ddc301651da,46,3955.0,667,2970,13221498.11,22.46,0.03,84.64
11bfa66332777660bd0640ee84d47006,76,3925.87,668,2970,13221498.11,22.49,0.03,84.67
d20b021d3efdf267a402c402a48ea64b,86,3922.3,669,2970,13221498.11,22.53,0.03,84.7
fde0cc9ea29c8ccfc0a2c22256a58c71,35,3922.0,670,2970,13221498.11,22.56,0.03,84.73
7f152321c60a266edc53af1925ef96c1,20,3919.8,671,2970,13221498.11,22.59,0.03,84.76
d5ba419e26d246a0719437cf37d9b46d,33,3911.5,672,2970,13221498.11,22.63,0.03,84.79
d673a59aac7a70d8b01e6902bf090a11,79,3908.94,673,2970,13221498.11,22.66,0.03,84.82
79ed755314cfe6df0daef2c6cd3022cd,23,3907.5,674,2970,13221498.11,22.69,0.03,84.84
3361277dc30b7cccdb0c286b24219756,29,3905.05,675,2970,13221498.11,22.73,0.03,84.87
f00e21b1e91a79653163b7fd8f293ff1,31,3900.09,676,2970,13221498.11,22.76,0.029,84.9
14d7985702e72162bbf13b6beb74ab2b,37,3887.0,677,2970,13221498.11,22.79,0.029,84.93
02f5837340d7eb4f653d676c7256523a,30,3883.05,678,2970,13221498.11,22.83,0.029,84.96
8090490573c6c0aa343a7231ebcb8c86,26,3871.12,679,2970,13221498.11,22.86,0.029,84.99
1b938a7ec6ac5061a66a3766e0e75f90,29,3859.8,680,2970,13221498.11,22.9,0.029,85.02
d12c926d74ceff0a90a21184466ce161,76,3850.28,681,2970,13221498.11,22.93,0.029,85.05
c9a06ece156bb057372c68718ec8909b,11,3849.0,682,2970,13221498.11,22.96,0.029,85.08
42fa4ee7240e9b8eb4576358ec142ba7,22,3845.7,683,2970,13221498.11,23.0,0.029,85.11
8ed8ea9a57c862f2c18c2fe41f601d56,19,3831.9,684,2970,13221498.11,23.03,0.029,85.14
6860153b69cc696d5dcfe1cdaaafcf62,74,3827.63,685,2970,13221498.11,23.06,0.029,85.17
232a6014e7b10cba61c6c2b2ea6bb4b0,32,3819.97,686,2970,13221498.11,23.1,0.029,85.2
4d600e08ecbe08258c79e536c5a42fee,7,3816.17,687,2970,13221498.11,23.13,0.029,85.22
2e13c71026e1a39ba5cc1b86dcb679aa,24,3793.0,688,2970,13221498.11,23.16,0.029,85.25
cb41bfbcbda0aea354a834ab222f9a59,11,3792.0,689,2970,13221498.11,23.2,0.029,85.28
6a0cbc8af2e8abd1bdfb777943d174c6,34,3788.15,690,2970,13221498.11,23.23,0.029,85.31
38874e327ce94d11390b96eb42d61928,6,3779.94,691,2970,13221498.11,23.27,0.029,85.34
3f3486b61f45078d4f31ee5e43d8c5bb,39,3769.73,692,2970,13221498.11,23.3,0.029,85.37
2199e7fe213c16213bf5d6a7eadc9a5d,24,3767.29,693,2970,13221498.11,23.33,0.028,85.4
f0b47fbbc6dee9aafe415a6e33051b3f,67,3766.92,694,2970,13221498.11,23.37,0.028,85.42
7d76b645482be4a332374e8223836592,172,3765.74,695,2970,13221498.11,23.4,0.028,85.45
891071be6ba827b591264c90c2ae8a63,85,3763.35,696,2970,13221498.11,23.43,0.028,85.48
5d9dc90a686a8fddacffab6bab5653a3,12,3761.94,697,2970,13221498.11,23.47,0.028,85.51
edf96ef93ed595084bbcbd9224bd2894,25,3757.0,698,2970,13221498.11,23.5,0.028,85.54
2d2c62bef4c8ba0dd74e0e228e808539,16,3749.0,699,2970,13221498.11,23.54,0.028,85.57
1d0997ff06b524ce9289ffd75114ecd3,3,3747.0,700,2970,13221498.11,23.57,0.028,85.59
3c4e0452bff7a2a788179488d3d77032,32,3746.4,701,2970,13221498.11,23.6,0.028,85.62
eb4df17aed01d918c65f0f8d650900c0,11,3739.87,702,2970,13221498.11,23.64,0.028,85.65
13d058e4eeac2ce8217660b2f8a05812,22,3739.78,703,2970,13221498.11,23.67,0.028,85.68
77e4abfd739aed9c46480f90f81c0eb4,18,3736.99,704,2970,13221498.11,23.7,0.028,85.71
23a0ffca143a15b9b5bbdb7d552f626a,23,3718.51,705,2970,13221498.11,23.74,0.028,85.74
822166ed1e47908f7cfb49946d03c726,69,3714.83,706,2970,13221498.11,23.77,0.028,85.76
ec80e49e69745ab6c14f984bf2149423,12,3709.0,707,2970,13221498.11,23.8,0.028,85.79
a44fb5a447105f8469bdf16bf9159f25,19,3706.1,708,2970,13221498.11,23.84,0.028,85.82
520b493b57809f446cb0a233bb3e25c7,63,3698.9,709,2970,13221498.11,23.87,0.028,85.85
c0563dd588b775f2e37747ef6ad6c92c,28,3697.2,710,2970,13221498.11,23.91,0.028,85.88
0509040ea3fe50071181bbc359eb7738,87,3689.35,711,2970,13221498.11,23.94,0.028,85.9
5f5b43b2bffa8656e4bc6efeb13cc649,27,3677.2,712,2970,13221498.11,23.97,0.028,85.93
b1fecf4da1fa2689bccffa0121953643,19,3669.64,713,2970,13221498.11,24.01,0.028,85.96
2745f798279e0ed033addcc1474776d7,32,3668.53,714,2970,13221498.11,24.04,0.028,85.99
c731d18cea9bf687ffee82a241c25b11,24,3662.0,715,2970,13221498.11,24.07,0.028,86.02
33ac3e28642ab8bda860a2f693000e78,34,3661.03,716,2970,13221498.11,24.11,0.028,86.04
8b2492b7ff4468839593fafeed55bad9,29,3660.08,717,2970,13221498.11,24.14,0.028,86.07
56642bcb79900e777d68e91915cb4267,48,3657.64,718,2970,13221498.11,24.18,0.028,86.1
7f2617c58d5d06806987308b45654351,22,3656.8,719,2970,13221498.11,24.21,0.028,86.13
5d3bb11474a06bdc23fb9e89f1164ee0,31,3654.6,720,2970,13221498.11,24.24,0.028,86.15
f97e2b0650c2068227e1d366140eb62f,16,3654.0,721,2970,13221498.11,24.28,0.028,86.18
6bb0724edf0b62fb91ac404873a97241,17,3653.0,722,2970,13221498.11,24.31,0.028,86.21
38e679b9e0064cd94c6f035707344dae,27,3644.15,723,2970,13221498.11,24.34,0.028,86.24
ed4311e67debd72b8610a5347a743087,25,3636.0,724,2970,13221498.11,24.38,0.028,86.26
1eade46fba20122dc4aefb379f8c636b,58,3635.37,725,2970,13221498.11,24.41,0.027,86.29
e49c26c3edfa46d227d5121a6b6e4d37,34,3624.35,726,2970,13221498.11,24.44,0.027,86.32
271c58a1d139c45eaf3316107c6d3a3b,27,3597.63,727,2970,13221498.11,24.48,0.027,86.35
3364a91ec4d56c98e44174de954b94f6,6,3579.94,728,2970,13221498.11,24.51,0.027,86.37
8f119a0aee85c0c8fc534629734e94fd,75,3578.88,729,2970,13221498.11,24.55,0.027,86.4
99a54764c341d5dc80b4a8fac4eba3fb,44,3578.76,730,2970,13221498.11,24.58,0.027,86.43
3c010235b7345c92f125d14ee232a76b,15,3578.0,731,2970,13221498.11,24.61,0.027,86.45
f2336e113377dd21c744d9c4fc8293a9,4,3563.0,732,2970,13221498.11,24.65,0.027,86.48
602044f2c16190c2c6e45eb35c2e21cb,48,3559.17,733,2970,13221498.11,24.68,0.027,86.51
218f991754f360af9c2daa5e0b8e990c,14,3554.32,734,2970,13221498.11,24.71,0.027,86.53
585175ec331ea177fa47199e39a6170a,1,3549.0,735,2970,13221498.11,24.75,0.027,86.56
406822777a0b9eb5c50e442dd4cd3ec5,44,3548.09,736,2970,13221498.11,24.78,0.027,86.59
a0415d9b25ede3c4b1e477e9916ffc03,9,3544.2,737,2970,13221498.11,24.81,0.027,86.62
66dc1b1632bd6a3e508510c5b3492107,36,3542.19,738,2970,13221498.11,24.85,0.027,86.64
f3da5b2ff499efb8d4a6d371d175d7dd,77,3540.89,739,2970,13221498.11,24.88,0.027,86.67
71039d19d4303bf9054d69e9a9236699,35,3537.2,740,2970,13221498.11,24.92,0.027,86.7
96804ea39d96eb908e7c3afdb671bb9e,37,3530.75,741,2970,13221498.11,24.95,0.027,86.72
6750d71153f00fc58829af2a8ef1bcf1,6,3514.0,742,2970,13221498.11,24.98,0.027,86.75
3d8fa2f5b647373c8620330c4e077a9f,42,3501.74,743,2970,13221498.11,25.02,0.026,86.78
4559697a8f7e637227c2eeaed843baff,39,3486.3,744,2970,13221498.11,25.05,0.026,86.8
e7d5b006eb624f13074497221eb37807,28,3478.93,745,2970,13221498.11,25.08,0.026,86.83
8ff38bc3969e67c36c48343a07090f66,2,3472.0,746,2970,13221498.11,25.12,0.026,86.85
ed46f1eb4a638113deb2a1137b5f22e9,4,3470.0,747,2970,13221498.11,25.15,0.026,86.88
822b63912576852aea9a8436d72317b7,6,3465.93,748,2970,13221498.11,25.19,0.026,86.91
bce6a5ecf98e99fd2a8868b15c51f04b,14,3464.9,749,2970,13221498.11,25.22,0.026,86.93
f0837c8d71434931d9e38e7b79234797,22,3446.9,750,2970,13221498.11,25.25,0.026,86.96
df560393f3a51e74553ab94004ba5c87,26,3429.78,751,2970,13221498.11,25.29,0.026,86.99
276677b5d08786d5dce7c2149dcce48b,31,3424.2,752,2970,13221498.11,25.32,0.026,87.01
b17b679f4f5ce2e03ce6968c62648246,50,3424.18,753,2970,13221498.11,25.35,0.026,87.04
4677a5437afda5fa7140b927b07be1cc,11,3415.7,754,2970,13221498.11,25.39,0.026,87.06
f4db9b37944bcb8873e6b456ee190bbf,21,3409.78,755,2970,13221498.11,25.42,0.026,87.09
827f8f69dfa529c561901c4f2e0f332f,91,3408.39,756,2970,13221498.11,25.45,0.026,87.11
cfd7ddab722b902f7ac5b5f3ba6d723d,12,3385.03,757,2970,13221498.11,25.49,0.026,87.14
960945e1a9535cbc0cd6ddd35fbe7ae8,28,3381.73,758,2970,13221498.11,25.52,0.026,87.17
1b8356dabde1d35e17cef975c3f82730,55,3366.4,759,2970,13221498.11,25.56,0.025,87.19
070d165398b553f3b4b851c216b8a358,31,3333.17,760,2970,13221498.11,25.59,0.025,87.22
6481e96574816ead57975da2c0f6d80d,32,3324.9,761,2970,13221498.11,25.62,0.025,87.24
6b90f847357d8981edd79a1eb1bf0acb,45,3322.08,762,2970,13221498.11,25.66,0.025,87.27
db4350fd57ae30082dec7acbaacc17f9,136,3304.32,763,2970,13221498.11,25.69,0.025,87.29
994f04b3718c2bab35c2adfa8afecd2a,47,3289.8,764,2970,13221498.11,25.72,0.025,87.32
a2b5b6105ea5942300631d2e76f4ffe0,16,3286.69,765,2970,13221498.11,25.76,0.025,87.34
54c04bdb5ec46762f8f08c7e8f86ed4a,18,3281.66,766,2970,13221498.11,25.79,0.025,87.37
5b51032eddd242adc84c38acab88f23d,12,3280.0,767,2970,13221498.11,25.82,0.025,87.39
52562a9f449c3dc3d53f5f5b9ed74903,14,3266.6,768,2970,13221498.11,25.86,0.025,87.42
aeb36d67f1414f234d42a29e27cf1f17,4,3263.8,769,2970,13221498.11,25.89,0.025,87.44
594f9aaa48e5bf431f011ddc5669b0d5,37,3248.8,770,2970,13221498.11,25.93,0.025,87.46
a938325a4b357fd23a6a4d5bb126408e,24,3231.0,771,2970,13221498.11,25.96,0.024,87.49
643214e62b870443ccbe55ab29a4dccf,65,3229.23,772,2970,13221498.11,25.99,0.024,87.51
c64a2aec32cc408a8a4c6d7c46017f91,9,3221.5,773,2970,13221498.11,26.03,0.024,87.54
afa6714acee029b2dfdf357e5579cc03,16,3220.76,774,2970,13221498.11,26.06,0.024,87.56
4c18691b6037662be2df78a765d98ab5,63,3195.52,775,2970,13221498.11,26.09,0.024,87.59
d57e18d5f73c7ccb7f7339b61166898d,61,3187.7,776,2970,13221498.11,26.13,0.024,87.61
e48b04bf1aa1ef711caebeb7aede6180,25,3187.1,777,2970,13221498.11,26.16,0.024,87.63
e89c4adbe7b1d0819dbb636e16461cf1,24,3181.3,778,2970,13221498.11,26.2,0.024,87.66
870d0118f7a9d85960f29ad89d5d989a,45,3157.2,779,2970,13221498.11,26.23,0.024,87.68
c8b3445d737de6befde0c88ede534a5e,30,3149.04,780,2970,13221498.11,26.26,0.024,87.71
5bc24d989e71e93c33e50a7782431b0e,17,3148.0,781,2970,13221498.11,26.3,0.024,87.73
f326006815956455b2859abd58fe7e39,9,3147.16,782,2970,13221498.11,26.33,0.024,87.75
3cfa1358a6caa965278721344c8d76f2,5,3140.28,783,2970,13221498.11,26.36,0.024,87.78
c394e193cda3b4225ff2094d32184849,2,3134.89,784,2970,13221498.11,26.4,0.024,87.8
238fac594e170b59c6d228f5a4f4f1d9,29,3126.0,785,2970,13221498.11,26.43,0.024,87.83
21e83881401b92b49fb09a16d3852291,12,3109.06,786,2970,13221498.11,26.46,0.024,87.85
5b35136197710e16ac5e7b7c2bd4ea85,7,3104.2,787,2970,13221498.11,26.5,0.023,87.87
5c6d4016c2a288f074fa0848a2b653d2,31,3100.0,788,2970,13221498.11,26.53,0.023,87.9
08cdbae123ff67ca4e36d9d641ce0119,4,3098.99,789,2970,13221498.11,26.57,0.023,87.92
95f83f51203c626648c875dd41874c7f,50,3077.66,790,2970,13221498.11,26.6,0.023,87.94
f61c63d13f7cd800549d5acdd390ae72,26,3072.3,791,2970,13221498.11,26.63,0.023,87.97
aae3bfea055532c57fb453ed3ec80b30,48,3057.92,792,2970,13221498.11,26.67,0.023,87.99
612a743d294c27884fb7b80d2b19ba35,2,3057.7,793,2970,13221498.11,26.7,0.023,88.01
d9e8c084b68fe958861d8f2c21202e6b,9,3050.0,794,2970,13221498.11,26.73,0.023,88.03
b8555308bfdb4ca1ed54325a58da9a97,26,3047.2,795,2970,13221498.11,26.77,0.023,88.06
0ebd97a106433a45a4aebe57c1799778,31,3046.8,796,2970,13221498.11,26.8,0.023,88.08
4da0e408c99d2fdc2126dc9fce518060,44,3026.0,797,2970,13221498.11,26.84,0.023,88.1
4c8545742faaf58fafd5fd14d25d75cf,4,3020.0,798,2970,13221498.11,26.87,0.023,88.13
55f7a3319d80f7fdf078b8f03e6725fe,22,3013.78,799,2970,13221498.11,26.9,0.023,88.15
2d50d6282f8aa2257819a77bfaa0efe0,42,3008.48,800,2970,13221498.11,26.94,0.023,88.17
3bdff180c7e1f6551a643b99c265a120,56,3008.2,801,2970,13221498.11,26.97,0.023,88.19
5bc55dbe2f12b6af6d83ed46023e0dc8,17,2992.1,802,2970,13221498.11,27.0,0.023,88.22
0c7533c71df861ec58ad7ff999ed0e8d,61,2989.3,803,2970,13221498.11,27.04,0.023,88.24
fce62094ffe6a4009188ec44e681dfdd,4,2969.7,804,2970,13221498.11,27.07,0.022,88.26
9646c3513289980f17226a2fc4720dbd,69,2964.4,805,2970,13221498.11,27.1,0.022,88.29
d17f467e4bf608a510c20d82f4ba3b6b,11,2963.78,806,2970,13221498.11,27.14,0.022,88.31
b1ac6ea7895bc3dd6f0f6f4abbdd2821,38,2962.0,807,2970,13221498.11,27.17,0.022,88.33
8cbac7e12637ed9cffa18c7875207478,66,2955.98,808,2970,13221498.11,27.21,0.022,88.35
f4aba7c0bca51484c30ab7bdc34bcdd1,108,2951.9,809,2970,13221498.11,27.24,0.022,88.37
e908c0f3646e8b60375734a350d95d71,1,2951.0,810,2970,13221498.11,27.27,0.022,88.4
dd58ee93286b0821565574c570e9e1dc,2,2948.0,811,2970,13221498.11,27.31,0.022,88.42
60562ab00b8054280520d390c8c0045c,17,2943.0,812,2970,13221498.11,27.34,0.022,88.44
f44b6f775a2b390380e0e30b5c9d3eee,10,2930.0,813,2970,13221498.11,27.37,0.022,88.46
606ce7768feac12c5e8bd58db8b08f0f,5,2916.6,814,2970,13221498.11,27.41,0.022,88.49
2156f2671501a81034d7d07f217609d0,21,2909.5,815,2970,13221498.11,27.44,0.022,88.51
20d83f3ef0e6925fd74bfd59170babf7,40,2903.6,816,2970,13221498.11,27.47,0.022,88.53
d3dcf0604eabf0224fbd5948b5e02f69,9,2902.3,817,2970,13221498.11,27.51,0.022,88.55
1771297ac436903d1dd6b0e9279aa505,28,2881.27,818,2970,13221498.11,27.54,0.022,88.57
1987cd4be10fe09ee50454f9c354d1c6,14,2877.7,819,2970,13221498.11,27.58,0.022,88.6
bd697db56ff8e7c9cd1abeb7f72029b2,21,2869.79,820,2970,13221498.11,27.61,0.022,88.62
49e7217cfe4e427191c378ec626d8737,12,2868.8,821,2970,13221498.11,27.64,0.022,88.64
430315b7bb4b6e4b3c978f9dfa9b0558,19,2864.4,822,2970,13221498.11,27.68,0.022,88.66
a6fe7de3d16f6149ffe280349a8535a0,50,2844.9,823,2970,13221498.11,27.71,0.022,88.68
fec6275253471ace26d209bbaa64cd0f,9,2840.0,824,2970,13221498.11,27.74,0.021,88.7
b494891378bd8f4560abe576c52deacd,19,2839.0,825,2970,13221498.11,27.78,0.021,88.72
d32e3909cfb714fb2a6cb092c85b9c5f,10,2827.9,826,2970,13221498.11,27.81,0.021,88.75
730937bf88cb151eb2eb849f642fc213,22,2821.2,827,2970,13221498.11,27.85,0.021,88.77
5f1dc28029d2c244352a68107ec2b542,62,2807.3,828,2970,13221498.11,27.88,0.021,88.79
820cc752a266cdc6c1a1e61dd4583330,15,2802.8,829,2970,13221498.11,27.91,0.021,88.81
df56d7b40d437f88407c5f78b63bc328,22,2791.28,830,2970,13221498.11,27.95,0.021,88.83
cb3dd9ce66268c7a3ca7241ac70ab58c,48,2788.32,831,2970,13221498.11,27.98,0.021,88.85
ae7ab174effdead6c241e547e4ca13f0,6,2778.6,832,2970,13221498.11,28.01,0.021,88.87
c4f7fee5b0db50e87766f5a4d1b1b758,5,2762.03,833,2970,13221498.11,28.05,0.021,88.89
f125f3a310c2e5f822d116147de1e474,16,2761.4,834,2970,13221498.11,28.08,0.021,88.91
bb7a14e229b1c95156719c3d9552eeee,10,2760.2,835,2970,13221498.11,28.11,0.021,88.94
8f54d64f28a993550aa7943f12572959,15,2755.5,836,2970,13221498.11,28.15,0.021,88.96
a1474fd46fd3430168f7ec202da39408,12,2752.5,837,2970,13221498.11,28.18,0.021,88.98
1838dd9b8977065acf51d95e0053ea7a,62,2750.5,838,2970,13221498.11,28.22,0.021,89.0
1444c08e64d55fb3c25f0f09c07ffcf2,1,2749.0,839,2970,13221498.11,28.25,0.021,89.02
f7ccf836d21b2fb1de37564105216cc1,69,2748.4,840,2970,13221498.11,28.28,0.021,89.04
3fd1e727ba94cfe122d165e176ce7967,35,2747.4,841,2970,13221498.11,28.32,0.021,89.06
f805b96fa705ba7995a221f1749dc141,7,2744.44,842,2970,13221498.11,28.35,0.021,89.08
977f9f63dd360c2a32ece2f93ad6d306,23,2730.07,843,2970,13221498.11,28.38,0.021,89.1
3b872fd4747f01cc56206f2934198618,25,2726.74,844,2970,13221498.11,28.42,0.021,89.12
5cbbd5a299cab112b7bf23862255e43e,36,2726.06,845,2970,13221498.11,28.45,0.021,89.14
33576ec5412fb5905d876f12f33bfde6,31,2718.0,846,2970,13221498.11,28.48,0.021,89.16
458d868c9642f55f18f04e951a3fdde6,2,2718.0,847,2970,13221498.11,28.52,0.021,89.18
78744a20ee2f80ba64f6804c25def2b8,6,2715.0,848,2970,13221498.11,28.55,0.021,89.2
fe26f3ecb51a15e6d8335cd92da42562,7,2708.96,849,2970,13221498.11,28.59,0.02,89.23
d93844a9c55ba7ce353388bcf849ea56,12,2708.5,850,2970,13221498.11,28.62,0.02,89.25
51702dc2a3e106c76dbff722b5bf0726,13,2705.1,851,2970,13221498.11,28.65,0.02,89.27
31561f325664a8a7aba4c8d0c3a9b3db,36,2702.19,852,2970,13221498.11,28.69,0.02,89.29
2a1348e9addc1af5aaa619b1a3679d6b,48,2697.4,853,2970,13221498.11,28.72,0.02,89.31
974cf2cb8f4b7add98709c30df02fe10,30,2694.7,854,2970,13221498.11,28.75,0.02,89.33
0015a82c2db000af6aaaf3ae2ecb0532,3,2685.0,855,2970,13221498.11,28.79,0.02,89.35
432c37c9dfba871172ec162e20118b8c,44,2679.87,856,2970,13221498.11,28.82,0.02,89.37
a17f621c590ea0fab3d5d883e1630ec6,63,2677.92,857,2970,13221498.11,28.86,0.02,89.39
c9aafcd0621b2207c10e32c649cada4d,40,2671.26,858,2970,13221498.11,28.89,0.02,89.41
d93919c944be9cff128f6c9cb899eacb,33,2666.7,859,2970,13221498.11,28.92,0.02,89.43
9c068d10aca38e85c50202e17b4a7e88,17,2658.9,860,2970,13221498.11,28.96,0.02,89.45
d25aa0aaacb370e912f8cf6efeba38b3,17,2658.45,861,2970,13221498.11,28.99,0.02,89.47
6f229cc508fc6915ed5c499efd93baa4,13,2654.8,862,2970,13221498.11,29.02,0.02,89.49
bc302730ea8cf49b5c74f579febb5bbf,11,2640.9,863,2970,13221498.11,29.06,0.02,89.51
f1b93673502375d491780bb49d615dbc,8,2638.93,864,2970,13221498.11,29.09,0.02,89.53
1b7e5006cb25dd23ce8686691013b121,11,2636.74,865,2970,13221498.11,29.12,0.02,89.55
ccf8813e5a7d6c84d865cd38bfc2b130,26,2635.5,866,2970,13221498.11,29.16,0.02,89.57
8d79c8a04e42d722a75097ce5cbcf2ef,26,2627.82,867,2970,13221498.11,29.19,0.02,89.59
9906e7aa42a3c067b7c9a564d01c4320,12,2619.0,868,2970,13221498.11,29.23,0.02,89.61
8ab42aa58097fd4668d60cc648225d5f,20,2616.75,869,2970,13221498.11,29.26,0.02,89.63
4305fe92735c8a43d154ff6dd2b8d927,17,2606.1,870,2970,13221498.11,29.29,0.02,89.65
e99e927c81e3f51739c94fcdfca9f10f,21,2597.85,871,2970,13221498.11,29.33,0.02,89.67
a369d693961cb93b61ca2cc518872a85,11,2597.0,872,2970,13221498.11,29.36,0.02,89.69
fdaaf5bfda82b7b80535610c831b8d09,10,2588.9,873,2970,13221498.11,29.39,0.02,89.71
f593898ec748b7a8cb81fc04edafd98a,19,2588.04,874,2970,13221498.11,29.43,0.02,89.73
244c2f1bff6afe1f2eaf9bfe9b2aed38,23,2580.0,875,2970,13221498.11,29.46,0.02,89.75
2c4c47cb51acd5ea5db5e0ae0e26542a,12,2575.9,876,2970,13221498.11,29.49,0.019,89.77
0885aaf116795758dfeb5f1032487bcd,27,2573.1,877,2970,13221498.11,29.53,0.019,89.78
41ab63a91b8b264e8c8780368bf1dd5b,12,2571.95,878,2970,13221498.11,29.56,0.019,89.8
1ce3ae5a399804d1a87e706f8a813c3e,40,2563.0,879,2970,13221498.11,29.6,0.019,89.82
cd06602b43d8800bd0afad514919d35c,43,2555.31,880,2970,13221498.11,29.63,0.019,89.84
157c3e4b42f81ac4a44e8b1ca2fe9876,23,2548.5,881,2970,13221498.11,29.66,0.019,89.86
b76dba6c951ab00dc4edf0a1aa88037e,157,2545.31,882,2970,13221498.11,29.7,0.019,89.88
bb5bd94c8f59cc050072d2930c869cac,16,2543.87,883,2970,13221498.11,29.73,0.019,89.9
3d39fbf22a665714baf62fae36029e23,8,2504.2,884,2970,13221498.11,29.76,0.019,89.92
ffa6adafb71b807dc13159e26431354c,17,2500.9,885,2970,13221498.11,29.8,0.019,89.94
b335c59ab742f751a85db9c411a86739,30,2494.11,886,2970,13221498.11,29.83,0.019,89.96
de0c78824586e9a5f5f04fd84e25df39,14,2489.3,887,2970,13221498.11,29.87,0.019,89.98
cea729054f157f5870bdd321a958d994,24,2482.1,888,2970,13221498.11,29.9,0.019,90.0
6989574bd97d9773f10d232b6c07da59,7,2478.4,889,2970,13221498.11,29.93,0.019,90.01
fe49ee029e61e789a1f3a5525f57ba8d,16,2473.69,890,2970,13221498.11,29.97,0.019,90.03
2e3be8a987a30d7544dbbda6861cc14e,14,2472.86,891,2970,13221498.11,30.0,0.019,90.05
5eeb9c756d9780b96283e5a2ac6da334,9,2471.0,892,2970,13221498.11,30.03,0.019,90.07
c2d70ce2c5d0a2eb75e78668236e6dc8,13,2470.9,893,2970,13221498.11,30.07,0.019,90.09
1c40343cc5d18c2d8248ac2f3366de34,21,2461.41,894,2970,13221498.11,30.1,0.019,90.11
cce6ab8d1682639fe45ab70234f1665f,61,2442.7,895,2970,13221498.11,30.13,0.018,90.13
a08692680c77d30a0b4280da5df01c5a,6,2433.0,896,2970,13221498.11,30.17,0.018,90.14
318f287a62ab7ac10b703ac37435a231,51,2432.48,897,2970,13221498.11,30.2,0.018,90.16
4b0fdb526525f9890eb145bf1534640e,18,2419.0,898,2970,13221498.11,30.24,0.018,90.18
888faa8bfb0b159c37de6d898b961c31,19,2418.3,899,2970,13221498.11,30.27,0.018,90.2
04aba03279157f6d4e0fe8ccaf21963c,15,2416.0,900,2970,13221498.11,30.3,0.018,90.22
d06d019f72a04e5497a0b64190af170c,17,2415.93,901,2970,13221498.11,30.34,0.018,90.24
1354d51653f645349064725ed204e85e,18,2410.0,902,2970,13221498.11,30.37,0.018,90.25
76833248bbc0e65a0293ec62023e4396,2,2399.98,903,2970,13221498.11,30.4,0.018,90.27
82bd0703a4aefd6b599e5bfdaed378fb,20,2394.28,904,2970,13221498.11,30.44,0.018,90.29
efcd8d2104f1a05d028af7bad20d974b,46,2384.79,905,2970,13221498.11,30.47,0.018,90.31
1996942dc085d7773ba77a529b163cd0,9,2383.52,906,2970,13221498.11,30.51,0.018,90.33
47efca563408aae19bb7206c2d969ea9,11,2383.0,907,2970,13221498.11,30.54,0.018,90.34
6bbcb8924baf70b7fe2fe2097e8cd407,10,2382.5,908,2970,13221498.11,30.57,0.018,90.36
acadd4d36859671cb635527c6c977533,12,2381.0,909,2970,13221498.11,30.61,0.018,90.38
cfe94489ddd337d1e29e12f2a7205d10,20,2376.0,910,2970,13221498.11,30.64,0.018,90.4
323ce52b5b81df2cd804b017b7f09aa7,29,2374.3,911,2970,13221498.11,30.67,0.018,90.42
120476eb7a04c149d14772edaf5d9bf2,4,2368.8,912,2970,13221498.11,30.71,0.018,90.43
d3f39f05462b79a4562d35893a28f159,33,2363.4,913,2970,13221498.11,30.74,0.018,90.45
5160d23075764e18e07c1f4a87fad743,33,2359.0,914,2970,13221498.11,30.77,0.018,90.47
4978a02ea9c8be7a9b5480680f40334e,18,2356.61,915,2970,13221498.11,30.81,0.018,90.49
8603f0038fe0e52fedd3382d266723de,10,2355.0,916,2970,13221498.11,30.84,0.018,90.51
ede0c03645598cdfc63ca8237acbe73d,43,2352.15,917,2970,13221498.11,30.88,0.018,90.52
c004e5ea15737026cecaee0447e00b75,1,2350.0,918,2970,13221498.11,30.91,0.018,90.54
3504c0cb71d7fa48d967e0e4c94d59d9,53,2349.94,919,2970,13221498.11,30.94,0.018,90.56
4391ea5c5990502176a1dcda44a2373d,3,2349.0,920,2970,13221498.11,30.98,0.018,90.58
34f563c82a85b99ae9e6d60db5fc2e28,8,2332.3,921,2970,13221498.11,31.01,0.018,90.59
62c50c1af4dfdc4149d25c5222043d39,12,2325.83,922,2970,13221498.11,31.04,0.018,90.61
0bb738e4d789e63e2267697c42d35a2d,29,2308.4,923,2970,13221498.11,31.08,0.017,90.63
fd386aa7bed2af3c7035c65506c9b4a3,69,2304.15,924,2970,13221498.11,31.11,0.017,90.65
5a93f3ab0ef4c84ed5e1b5dbf23978bc,38,2299.28,925,2970,13221498.11,31.14,0.017,90.66
f1c1ac3f3efc07e659c035008e615e66,3,2294.96,926,2970,13221498.11,31.18,0.017,90.68
1d4587203296c8f4ad134dc286fa6db0,40,2287.5,927,2970,13221498.11,31.21,0.017,90.7
6338ea67c41078a46ad99cc009654956,37,2286.09,928,2970,13221498.11,31.25,0.017,90.72
7238a95bb63ef7e498389fb863b834a1,15,2265.7,929,2970,13221498.11,31.28,0.017,90.73
8fe8786ee000001ab51d030dfd4a7bf1,5,2255.0,930,2970,13221498.11,31.31,0.017,90.75
655220df33262c7e0c4949a147366f94,13,2245.0,931,2970,13221498.11,31.35,0.017,90.77
dd533b429f380718b70ad9922c294bae,39,2244.88,932,2970,13221498.11,31.38,0.017,90.78
7b8e8ec35bad4b0ef7e3963650b0a87b,5,2244.28,933,2970,13221498.11,31.41,0.017,90.8
5abb8ea023c77787f2c15da891c8d384,13,2241.0,934,2970,13221498.11,31.45,0.017,90.82
54583ab379489add547fe47b628db589,10,2240.0,935,2970,13221498.11,31.48,0.017,90.84
e5f9e61ceb5f523cc966e0f34095032f,4,2238.0,936,2970,13221498.11,31.52,0.017,90.85
cac876b37d3abcd6bd76caca30277996,27,2229.77,937,2970,13221498.11,31.55,0.017,90.87
b83cedfb587e7911540e3f576d6917ce,24,2224.95,938,2970,13221498.11,31.58,0.017,90.89
9a84ba99f5367fdbd4598363496f1ea2,15,2223.38,939,2970,13221498.11,31.62,0.017,90.9
fb89df7f89fd1b8f03fa2acca1ba7364,22,2220.0,940,2970,13221498.11,31.65,0.017,90.92
747e73c01a4593d4cf60dcf970fd2689,3,2217.99,941,2970,13221498.11,31.68,0.017,90.94
77a515caa36327151d1cc6c32a9f00e1,26,2217.39,942,2970,13221498.11,31.72,0.017,90.95
e5475dcab1e07b63d7f6e902d8f5eda8,19,2192.0,943,2970,13221498.11,31.75,0.017,90.97
91f0eec23d4a61d7d7caeefa3f0ad1ca,11,2190.8,944,2970,13221498.11,31.78,0.017,90.99
14a08204d03bb6b6bde8029f801ae0eb,28,2185.4,945,2970,13221498.11,31.82,0.017,91.0
1b1ae47a313a825a7ccceb8e2e30fa9d,10,2184.0,946,2970,13221498.11,31.85,0.017,91.02
850913d59ce317156b00f3705f1c3edb,29,2183.0,947,2970,13221498.11,31.89,0.017,91.04
8ca1551acf9832a4cf467bbbac15851f,11,2176.4,948,2970,13221498.11,31.92,0.016,91.05
b74d1c09cb380e1d03a6f859c6f4224b,30,2174.61,949,2970,13221498.11,31.95,0.016,91.07
4992e76a42cb3aad7a7047e0d3d7e729,56,2171.2,950,2970,13221498.11,31.99,0.016,91.08
53d00c40e32aeb924a84ce72b1af869d,17,2165.85,951,2970,13221498.11,32.02,0.016,91.1
2be17df1c49978426251562096c3cc09,16,2165.0,952,2970,13221498.11,32.05,0.016,91.12
0ffa40d54288e4f3499b8780dd0f144f,33,2162.8,953,2970,13221498.11,32.09,0.016,91.13
0725b8c0f3f906e58f70cbe76b7c748c,16,2161.52,954,2970,13221498.11,32.12,0.016,91.15
7fc87cc3e89b3d1d5cabdca32f8485aa,14,2153.9,955,2970,13221498.11,32.15,0.016,91.17
f214d28e8d8e3ef068748498ccc2f813,52,2152.43,956,2970,13221498.11,32.19,0.016,91.18
72bc2cce903c872fe376a8faaa81d237,17,2149.2,957,2970,13221498.11,32.22,0.016,91.2
e8f6dc8e6a1dcde89d20e3995c8d90b3,35,2148.74,958,2970,13221498.11,32.26,0.016,91.22
b56906f7fd1696e043f1bcce164c487b,40,2148.49,959,2970,13221498.11,32.29,0.016,91.23
373ee4a3a775a733770ca3f790b8b9ac,13,2141.49,960,2970,13221498.11,32.32,0.016,91.25
723cd880edaacdb998898b67c8f9da30,11,2136.53,961,2970,13221498.11,32.36,0.016,91.26
8bdd8e3fd58bafa48af76b2c5fd71974,10,2135.83,962,2970,13221498.11,32.39,0.016,91.28
f5f2ab9bdb6b30c14c61be68c5ed37da,18,2134.68,963,2970,13221498.11,32.42,0.016,91.3
87d30a6a0cbf89356e49324971ab1d24,17,2134.13,964,2970,13221498.11,32.46,0.016,91.31
9bcdfa7b615b3abb9461d9e3ad9886ae,14,2126.07,965,2970,13221498.11,32.49,0.016,91.33
3a734b715d333a2588a3d54a0c9b8746,15,2121.52,966,2970,13221498.11,32.53,0.016,91.34
8f78f0903005064036736c7173a5c2ed,13,2113.7,967,2970,13221498.11,32.56,0.016,91.36
cf2384dd2f1dddea3f838efed0945e65,16,2101.5,968,2970,13221498.11,32.59,0.016,91.38
ffdd9f82b9a447f6f8d4b91554cc7dd3,18,2101.2,969,2970,13221498.11,32.63,0.016,91.39
e9511df20ccd82658a30c37b7fb343af,22,2096.6,970,2970,13221498.11,32.66,0.016,91.41
3bfba5a77604f6dfae7e6dd7aaf65821,4,2095.5,971,2970,13221498.11,32.69,0.016,91.42
7f7b8245c336066a1f9933c359f11d77,38,2094.36,972,2970,13221498.11,32.73,0.016,91.44
df91910b6a03bb2e3358fa6a35e32f6f,13,2093.2,973,2970,13221498.11,32.76,0.016,91.46
8de8fe3af4449ed695d2434c933ed73e,1,2090.0,974,2970,13221498.11,32.79,0.016,91.47
165b1235e9e9942cb5fae67103576fb0,11,2085.15,975,2970,13221498.11,32.83,0.016,91.49
6aa3928696eab49a19a466e665a649fd,18,2075.0,976,2970,13221498.11,32.86,0.016,91.5
082e0bf4cb865a6533b1e8e498cc0255,11,2073.3,977,2970,13221498.11,32.9,0.016,91.52
e38db885400cd35c71dfd162f2c1dbcf,30,2066.8,978,2970,13221498.11,32.93,0.016,91.53
ed859002ad59dbf8cf3602696a6c3000,6,2063.9,979,2970,13221498.11,32.96,0.016,91.55
ea65d8b58316a6f2362f2a9e4b3e86ad,9,2061.4,980,2970,13221498.11,33.0,0.016,91.57
f615fe7efbef0f4f08fd3086bc7a3e60,22,2061.37,981,2970,13221498.11,33.03,0.016,91.58
412a4720f3e9431b4afa1476a1acddbe,21,2058.1,982,2970,13221498.11,33.06,0.016,91.6
4e8dacf3d38f281ae26c3e0321d92d88,8,2055.46,983,2970,13221498.11,33.1,0.016,91.61
be9a160a9011f627c3e121d076c1ec7b,5,2055.0,984,2970,13221498.11,33.13,0.016,91.63
bc2ac6b95e1accce9858528ee566c17e,18,2045.0,985,2970,13221498.11,33.16,0.015,91.64
f7720c4fa8e3aba4546301ab80ea1f1b,59,2043.55,986,2970,13221498.11,33.2,0.015,91.66
c6381d2d013342748761e906d45aff76,15,2042.98,987,2970,13221498.11,33.23,0.015,91.67
78c99c6dff4eeae5be99bf635ed21e3f,31,2030.88,988,2970,13221498.11,33.27,0.015,91.69
71592660bbcb6a4664e97b6f8b68babc,6,2027.18,989,2970,13221498.11,33.3,0.015,91.7
0ed6ce5d87fd9c69eaacaeb778d67235,42,2026.52,990,2970,13221498.11,33.33,0.015,91.72
fac1a9017ade7bdc94058fc1c969f355,9,2010.84,991,2970,13221498.11,33.37,0.015,91.74
1782ce2db72c3dda627d5e7c898104e1,9,2010.8,992,2970,13221498.11,33.4,0.015,91.75
3a1a1fec38dd360f15fc912e821e169d,15,2007.38,993,2970,13221498.11,33.43,0.015,91.77
116ccb1a1604bc88e4d234a8c23f33de,61,2004.89,994,2970,13221498.11,33.47,0.015,91.78
d6ab728cf30867cf3f1a2e216ae2f9b7,12,2002.0,995,2970,13221498.11,33.5,0.015,91.8
3d2531eccfbde1d7c8db7a3a12fb267a,10,1999.54,996,2970,13221498.11,33.54,0.015,91.81
8ec76bb0965af3f007692b26fa9d6623,1,1999.0,997,2970,13221498.11,33.57,0.015,91.83
6b536a23086fba0d58c08d68814397f6,18,1996.8,998,2970,13221498.11,33.6,0.015,91.84
17908cf9b444ee34047cadd5c0f4a516,11,1993.99,999,2970,13221498.11,33.64,0.015,91.86
bf100ecb7997df312b285358fb32f92c,20,1991.9,1000,2970,13221498.11,33.67,0.015,91.87
9449f25aeaf531019b76999ea49a6949,9,1979.55,1001,2970,13221498.11,33.7,0.015,91.89
13074f016982ff2bd6c58ced8682f000,13,1977.0,1002,2970,13221498.11,33.74,0.015,91.9
c013e57c075a06e5b5c48ee03c525719,42,1971.55,1003,2970,13221498.11,33.77,0.015,91.92
91f5779a8731baca4809fdeade81803f,6,1971.46,1004,2970,13221498.11,33.8,0.015,91.93
f41ce2e25237f9092cd8e6e7516c7a2f,26,1961.9,1005,2970,13221498.11,33.84,0.015,91.95
bf84056e679dbe9c69929847a40e338f,35,1918.08,1006,2970,13221498.11,33.87,0.015,91.96
93b9a99027bd8bd6af682aff18dd19bf,19,1916.0,1007,2970,13221498.11,33.91,0.014,91.98
cd843d4cf8ef32827de0396605163ba3,5,1915.0,1008,2970,13221498.11,33.94,0.014,91.99
9dda5bbacd45e18d6485fee649205d09,19,1912.6,1009,2970,13221498.11,33.97,0.014,92.0
901b460cdce0c64e471230d7f2f9f3a3,5,1904.0,1010,2970,13221498.11,34.01,0.014,92.02
6df688df543f90e9b38f4319e75a9d88,39,1891.76,1011,2970,13221498.11,34.04,0.014,92.03
112453736dbe3889cfb74e1aaa0ba0c1,7,1890.0,1012,2970,13221498.11,34.07,0.014,92.05
5ab05b6d86d417796c69ffd6774ec832,10,1886.1,1013,2970,13221498.11,34.11,0.014,92.06
65b081a070633e057c462abdd6fb9dd8,19,1885.09,1014,2970,13221498.11,34.14,0.014,92.08
5debea795b07621e1f90532e18f96145,25,1883.78,1015,2970,13221498.11,34.18,0.014,92.09
4c8b8048e33af2bf94f2eb547746a916,19,1882.45,1016,2970,13221498.11,34.21,0.014,92.1
e24d3429d294b2eb200b064ebb035879,19,1878.58,1017,2970,13221498.11,34.24,0.014,92.12
5b33b527da3c5b969cc99dc435cad09a,16,1872.79,1018,2970,13221498.11,34.28,0.014,92.13
abbf6046bbdf1028606a5bc7f00c99e7,6,1867.25,1019,2970,13221498.11,34.31,0.014,92.15
95ec4458365c4d11f452ccf538377619,27,1866.76,1020,2970,13221498.11,34.34,0.014,92.16
4e5725ba188db8252977a4f0227bd462,21,1865.09,1021,2970,13221498.11,34.38,0.014,92.17
daeb5653dd96c1b11860f72209795012,38,1864.1,1022,2970,13221498.11,34.41,0.014,92.19
3e8bd881d92466e63ba9e3e809cd3c50,8,1862.38,1023,2970,13221498.11,34.44,0.014,92.2
0417b067eeab773d2f7061a726dc477f,13,1859.18,1024,2970,13221498.11,34.48,0.014,92.22
c8467937e403e76a8ee9f0ab13f6f5ef,30,1853.79,1025,2970,13221498.11,34.51,0.014,92.23
8c3b533c63cca56240f94f1e3a6b18ef,3,1849.5,1026,2970,13221498.11,34.55,0.014,92.25
30c7f28fd3a5897b2c82d152bb760c17,6,1849.38,1027,2970,13221498.11,34.58,0.014,92.26
a4bd6e9adf39b63f43dc545d3ca1f53d,4,1848.59,1028,2970,13221498.11,34.61,0.014,92.27
74bafed391319577bce6f4d2acc0589a,3,1847.0,1029,2970,13221498.11,34.65,0.014,92.29
272f092de69afedd4d2969440b37f18f,25,1846.33,1030,2970,13221498.11,34.68,0.014,92.3
3a4127e1ba7208ea37044c5092aae170,5,1842.7,1031,2970,13221498.11,34.71,0.014,92.31
ffeee66ac5d5a62fe688b9d26f83f534,14,1839.86,1032,2970,13221498.11,34.75,0.014,92.33
7ade73f1b9b4e965f9009a4c3a7e2c15,26,1835.3,1033,2970,13221498.11,34.78,0.014,92.34
6a38087bc8ad4f89ff453561005f6dea,15,1833.43,1034,2970,13221498.11,34.81,0.014,92.36
c679fb69a36e1d8349e8c50a217b4d58,14,1825.68,1035,2970,13221498.11,34.85,0.014,92.37
55bb6fe5bebe5012e2d7d9928e1128ff,15,1816.55,1036,2970,13221498.11,34.88,0.014,92.38
a5a1bfcf728ab0e19182959cf0771ee4,21,1812.96,1037,2970,13221498.11,34.92,0.014,92.4
729b2d09b2a0bdab221076327f13d050,48,1805.21,1038,2970,13221498.11,34.95,0.014,92.41
5b85809efd0d0e4dea1a9544e1280ed9,12,1804.6,1039,2970,13221498.11,34.98,0.014,92.43
411f3b52d857390502ee4e4d5ceabc2d,21,1804.01,1040,2970,13221498.11,35.02,0.014,92.44
7fdb0720c8d7c9075538b365dc8c3a22,9,1804.0,1041,2970,13221498.11,35.05,0.014,92.45
2ff6b7bff164ef05590a52734e1296da,7,1803.59,1042,2970,13221498.11,35.08,0.014,92.47
15fa791d5e017f66402dc28c44480657,8,1802.0,1043,2970,13221498.11,35.12,0.014,92.48
c3e1abd72a42fe690fcd89cf5720fe29,13,1798.61,1044,2970,13221498.11,35.15,0.014,92.49
1976a05ecf2996d6ffb7b5430e635fe7,8,1796.2,1045,2970,13221498.11,35.19,0.014,92.51
a36b125ac6d5fdbc7f50de85c9157bdc,23,1793.65,1046,2970,13221498.11,35.22,0.014,92.52
406740ee611378a662d274c7d8c43c4a,8,1790.0,1047,2970,13221498.11,35.25,0.014,92.53
fa3a0b5aabb344b9a92e3524b0202123,7,1789.0,1048,2970,13221498.11,35.29,0.014,92.55
293dee954235e4e4e43f129313625ebe,8,1778.92,1049,2970,13221498.11,35.32,0.013,92.56
07bf9669d84d1f11be443a9dd938f698,18,1776.0,1050,2970,13221498.11,35.35,0.013,92.57
d97df38225e5abadaff1e72cb72b823c,28,1776.0,1051,2970,13221498.11,35.39,0.013,92.59
3481aa57cd91f9f9d3fa1fa12d9a3bf7,25,1773.03,1052,2970,13221498.11,35.42,0.013,92.6
ca4b77513ac2040591b0d8fae6958380,14,1772.45,1053,2970,13221498.11,35.45,0.013,92.61
d5b9a084373da994a6e37f732169a853,7,1769.0,1054,2970,13221498.11,35.49,0.013,92.63
1690cada046eb7e92c12f98b1f8a8167,10,1760.0,1055,2970,13221498.11,35.52,0.013,92.64
f63d8f293af3a6454377546bd9dd19ff,17,1751.82,1056,2970,13221498.11,35.56,0.013,92.65
cb810bd318f51b3dc3c753944d61a1fa,1,1750.0,1057,2970,13221498.11,35.59,0.013,92.67
dd4d95ba2d15c071e6c695e2ef6ce169,4,1748.0,1058,2970,13221498.11,35.62,0.013,92.68
4bf658053d453036c70976bccb2c31b2,2,1742.99,1059,2970,13221498.11,35.66,0.013,92.69
c8417879a15366a17c30af34c798c332,25,1734.7,1060,2970,13221498.11,35.69,0.013,92.71
198c7ea11960a9844b544d9bcdca860c,25,1733.75,1061,2970,13221498.11,35.72,0.013,92.72
dc8798cbf453b7e0f98745e396cc5616,35,1733.0,1062,2970,13221498.11,35.76,0.013,92.73
6ddc28b61be28373b4503a1f61cf98a9,11,1732.9,1063,2970,13221498.11,35.79,0.013,92.75
c5f7feb04a6a1fb3596322bfc3cf1917,11,1720.6,1064,2970,13221498.11,35.82,0.013,92.76
d3674f271c91f824f82d24d92011f669,20,1718.3,1065,2970,13221498.11,35.86,0.013,92.77
a70e9066dbfd10b6b97a3f54a1356762,2,1716.0,1066,2970,13221498.11,35.89,0.013,92.79
8378eb36b6b70c5734e83ad7b8cdc3b7,7,1714.8,1067,2970,13221498.11,35.93,0.013,92.8
7139dc5186aa238b006e066d8fbab2e4,22,1712.0,1068,2970,13221498.11,35.96,0.013,92.81
dfc475d54e1b6dbeeb7d7d9bdaa63827,18,1708.37,1069,2970,13221498.11,35.99,0.013,92.82
656591be56071d4c9ef4e5fee78a578a,7,1702.0,1070,2970,13221498.11,36.03,0.013,92.84
244b04680fdbded0acf5aebd9c92b44a,2,1701.8,1071,2970,13221498.11,36.06,0.013,92.85
6b1c4d4d9ccf0be3d8544eb0e71e5318,1,1699.0,1072,2970,13221498.11,36.09,0.013,92.86
731ef20c231d9a7103a425e83fd91271,2,1692.0,1073,2970,13221498.11,36.13,0.013,92.88
3ca08eeb8d5595949fed424bd3677742,13,1688.88,1074,2970,13221498.11,36.16,0.013,92.89
f9903dd0f812c7e771fcad47b6fff231,10,1684.85,1075,2970,13221498.11,36.2,0.013,92.9
3935fe5fe0f82787a9dcb8deb62be09d,16,1681.69,1076,2970,13221498.11,36.23,0.013,92.91
bafc5aa11e413978be29040f51342e70,9,1679.55,1077,2970,13221498.11,36.26,0.013,92.93
e64d65bc8dbec2accda90c58de5d1246,12,1678.8,1078,2970,13221498.11,36.3,0.013,92.94
0b18d63d0cd1d723567903fd34a07df2,9,1678.14,1079,2970,13221498.11,36.33,0.013,92.95
0ac4201fda2c68ebc0e47cb9423cf3c9,13,1676.88,1080,2970,13221498.11,36.36,0.013,92.96
1dc2de47ee26a0a5b12dc14fd6dc0dea,25,1670.3,1081,2970,13221498.11,36.4,0.013,92.98
77fccaae319668a8ab6cd0fd16aec48c,11,1667.0,1082,2970,13221498.11,36.43,0.013,92.99
7586919161935337bf6b6d7ff5779648,11,1664.71,1083,2970,13221498.11,36.46,0.013,93.0
5f67c6082caacb26e431a7b17940cece,13,1662.6,1084,2970,13221498.11,36.5,0.013,93.02
53b0300ca793f9834cd69c0678d35ee8,5,1662.15,1085,2970,13221498.11,36.53,0.013,93.03
a1040efe9ff4a6f93c28b0499eada8f5,1,1658.83,1086,2970,13221498.11,36.57,0.013,93.04
25cf099de44674fde97473224f9d59ab,50,1654.36,1087,2970,13221498.11,36.6,0.013,93.05
df0f42bc4c2142eacf0eaf2cffd0cfbb,14,1654.0,1088,2970,13221498.11,36.63,0.013,93.07
b2a6d334e2833acea353624840e25a0e,25,1650.98,1089,2970,13221498.11,36.67,0.012,93.08
26e2c91ef821e1ff8985f408788fe35b,12,1649.4,1090,2970,13221498.11,36.7,0.012,93.09
edc518ba25576a0188a0e8f2c3af186f,6,1647.39,1091,2970,13221498.11,36.73,0.012,93.1
0887a9f087bcd5d9f6642b52f897fc6c,12,1642.0,1092,2970,13221498.11,36.77,0.012,93.12
e2c92f9c1c7746d899d18f2e158bbff7,12,1641.9,1093,2970,13221498.11,36.8,0.012,93.13
5b581417df4480f632484ba681e53944,11,1641.6,1094,2970,13221498.11,36.84,0.012,93.14
7a2d2949aea47fab95fd98d6c9f618b1,11,1638.99,1095,2970,13221498.11,36.87,0.012,93.15
2a6fbeaa7ab9e5d59a35841a8da71ce4,30,1632.79,1096,2970,13221498.11,36.9,0.012,93.16
1dfe5347016252a7884b694d4f10f5c4,20,1632.5,1097,2970,13221498.11,36.94,0.012,93.18
f1ed6bd0a9b11b581f16c851c6a5a527,17,1622.77,1098,2970,13221498.11,36.97,0.012,93.19
15cd6eefe58588619aaed41dfa6621b1,16,1622.74,1099,2970,13221498.11,37.0,0.012,93.2
b0f2a6122a90a93eb03e68653dd960e3,6,1620.3,1100,2970,13221498.11,37.04,0.012,93.21
013900e863eace745d3ec7614cab5b1a,23,1619.7,1101,2970,13221498.11,37.07,0.012,93.23
cb5df0dcb9e280b1780e9d589889f2c7,11,1614.88,1102,2970,13221498.11,37.1,0.012,93.24
8daab2245ebdc277c51098d01c5ad8ef,16,1604.59,1103,2970,13221498.11,37.14,0.012,93.25
427165bf50f8ca07efc7bdc2bfcf1688,5,1603.5,1104,2970,13221498.11,37.17,0.012,93.26
7813ea3ebd9411dc600b4dd01f7a97b9,9,1599.4,1105,2970,13221498.11,37.21,0.012,93.27
850857dfac77488c307e2b1cbd84ab5a,1,1599.0,1106,2970,13221498.11,37.24,0.012,93.29
8a1ff5c35f6595a73fef4c7b96e4908a,2,1598.0,1107,2970,13221498.11,37.27,0.012,93.3
081acf3de680d554796c9cf041be7bc2,4,1597.3,1108,2970,13221498.11,37.31,0.012,93.31
41b86b552e54e3a7009596125aa8b167,10,1595.3,1109,2970,13221498.11,37.34,0.012,93.32
8a2d12a90e92f012ce5226fc6592b653,18,1594.65,1110,2970,13221498.11,37.37,0.012,93.34
70f84699be677ec988d1fa824aef7d90,5,1588.3,1111,2970,13221498.11,37.41,0.012,93.35
845e8036c3f7bf62099352f5ed910240,21,1584.6,1112,2970,13221498.11,37.44,0.012,93.36
f3c38ab652836d21de61fb8314b69182,15,1581.0,1113,2970,13221498.11,37.47,0.012,93.37
392e0502231ae2f8b29994ef6398cd77,17,1572.9,1114,2970,13221498.11,37.51,0.012,93.38
5075aaa8404020ae6aa8bf4792099b41,10,1572.88,1115,2970,13221498.11,37.54,0.012,93.4
134285d1f41da5c13a756ee8142c8a4e,3,1572.7,1116,2970,13221498.11,37.58,0.012,93.41
1660ad786c27fd935378b6192a90b417,12,1570.0,1117,2970,13221498.11,37.61,0.012,93.42
c4fb51fb1c5b7c07bc5e67be6e7e8f6e,15,1567.9,1118,2970,13221498.11,37.64,0.012,93.43
9b00ed88b7fdb95d6ff76e27c1b52d16,46,1567.88,1119,2970,13221498.11,37.68,0.012,93.44
47648caee88ccfe951fbb27fbf7b4cbe,3,1564.99,1120,2970,13221498.11,37.71,0.012,93.45
02c988090b766852e088c69d7fb3b551,12,1564.37,1121,2970,13221498.11,37.74,0.012,93.47
39d54ff918774174706fb065d7f9dc07,22,1554.69,1122,2970,13221498.11,37.78,0.012,93.48
817f85dbb65aa3e70831d90fe75cdf89,11,1552.27,1123,2970,13221498.11,37.81,0.012,93.49
0eaa7e33d73809f1f925f7d07c506cbd,15,1552.0,1124,2970,13221498.11,37.85,0.012,93.5
3785b653b1b82de85ab47dd139938091,21,1552.0,1125,2970,13221498.11,37.88,0.012,93.51
78a4d36f65a019172c6154468831a69f,7,1545.5,1126,2970,13221498.11,37.91,0.012,93.52
49cdc90518a4f82676b38b3c1aa43ff6,5,1539.5,1127,2970,13221498.11,37.95,0.012,93.54
06bb3a2fe5e7b7a845b13e8fb91bd944,17,1536.19,1128,2970,13221498.11,37.98,0.012,93.55
cbf09e831b0c11f6f23ffb51004db972,10,1535.2,1129,2970,13221498.11,38.01,0.012,93.56
3a490ba60afa30ece0e7d50cfe74a4f0,8,1529.2,1130,2970,13221498.11,38.05,0.012,93.57
ffc470761de7d0232558ba5e786e57b7,27,1529.13,1131,2970,13221498.11,38.08,0.012,93.58
5bf397d04035b5f45cc41e82ec106803,3,1525.0,1132,2970,13221498.11,38.11,0.012,93.59
3586b8580d9c917874e053a1bb37b5ff,36,1524.7,1133,2970,13221498.11,38.15,0.012,93.61
a7c88262832dfc683781d6a421edefae,5,1520.0,1134,2970,13221498.11,38.18,0.011,93.62
866558b3bccef2dbc6d29a2b5995016f,5,1519.4,1135,2970,13221498.11,38.22,0.011,93.63
094ced053e257ae8cae57205592d6712,19,1519.2,1136,2970,13221498.11,38.25,0.011,93.64
f5f1f2c5f923f36ad79ea1d07185ddc9,10,1517.77,1137,2970,13221498.11,38.28,0.011,93.65
1dd33b8119b3cb1056ed5dc88cd0aaf4,8,1513.0,1138,2970,13221498.11,38.32,0.011,93.66
a23266650e7c84bb93fbbba502137478,11,1512.4,1139,2970,13221498.11,38.35,0.011,93.67
b33aaadd1a8891d2dfef0c4c3bdf0371,16,1504.0,1140,2970,13221498.11,38.38,0.011,93.69
d354c38a7182125a748cb10474fe963b,17,1500.34,1141,2970,13221498.11,38.42,0.011,93.7
714b9a1332840f257b49f476bea4e341,6,1499.94,1142,2970,13221498.11,38.45,0.011,93.71
9a03a4e9eb0b947652fae4f6121a3f5e,7,1497.0,1143,2970,13221498.11,38.48,0.011,93.72
c7b7db6c8f3c64a7cc1afa634db21d50,1,1489.0,1144,2970,13221498.11,38.52,0.011,93.73
659e8466eb3ff1b0e8740d74fb7bbedd,11,1486.8,1145,2970,13221498.11,38.55,0.011,93.74
2a61c271b1ac763450d846849783e922,17,1486.77,1146,2970,13221498.11,38.59,0.011,93.75
b6e1504972665f739dec4facb9943775,14,1484.48,1147,2970,13221498.11,38.62,0.011,93.77
9da1ca0bef29ee170e541927a5aeabdc,6,1484.4,1148,2970,13221498.11,38.65,0.011,93.78
f918546be4bec7104d117789ba758b2b,20,1483.0,1149,2970,13221498.11,38.69,0.011,93.79
9b522ba7eae9e1d04082f267144583cc,3,1478.6,1150,2970,13221498.11,38.72,0.011,93.8
6806dad1da97bfb5a9038eac6881f706,10,1477.0,1151,2970,13221498.11,38.75,0.011,93.81
4d232b78ab7ef10393dc3807d827bc0d,5,1475.0,1152,2970,13221498.11,38.79,0.011,93.82
e256a62e0ac58c0edfba09966142d561,12,1474.11,1153,2970,13221498.11,38.82,0.011,93.83
5e105f5c9f63f5f1fd75d6cb942e55b1,8,1471.9,1154,2970,13221498.11,38.86,0.011,93.84
7ecd59e5e20407131822c1a68ac59c1f,24,1466.71,1155,2970,13221498.11,38.89,0.011,93.85
01ed254b9ff8407dfb9d99ba1e17d923,5,1465.99,1156,2970,13221498.11,38.92,0.011,93.87
4ba52dfeba874da5b9ee7b17c7494f04,11,1463.0,1157,2970,13221498.11,38.96,0.011,93.88
1284de4ae8aa26997e748c851557cf0e,3,1459.97,1158,2970,13221498.11,38.99,0.011,93.89
5145090ab595c0d0b8557199f5701fbf,4,1459.6,1159,2970,13221498.11,39.02,0.011,93.9
97512d3fc193b2d1dfcdba0f9d1f0f8a,12,1458.87,1160,2970,13221498.11,39.06,0.011,93.91
d7827b2af99326a03b0ed9c7a24db0d3,1,1455.0,1161,2970,13221498.11,39.09,0.011,93.92
52f0fe436a347ddad7ed5f9aa4e27eaa,19,1452.49,1162,2970,13221498.11,39.12,0.011,93.93
a414555ce331b8c8aea4a9cb8395194d,7,1450.95,1163,2970,13221498.11,39.16,0.011,93.94
0ad80de75c811326389cfb1daba7d45e,6,1449.4,1164,2970,13221498.11,39.19,0.011,93.95
1b8b75e227c9a9c100d0c210fb6176ce,15,1444.87,1165,2970,13221498.11,39.23,0.011,93.96
2dcf93836ae3ce0d7c93e2f10876467a,9,1443.8,1166,2970,13221498.11,39.26,0.011,93.98
dace965ca58120f92f8d742a9fa1864b,8,1442.0,1167,2970,13221498.11,39.29,0.011,93.99
d1ef48b38baca7e831711c4a0aeb398f,28,1439.13,1168,2970,13221498.11,39.33,0.011,94.0
66fd84ee7528c0c0de85d0f44a73d5ab,11,1438.11,1169,2970,13221498.11,39.36,0.011,94.01
5b0cc932433fa5184b5b94bfe6bcc256,12,1437.8,1170,2970,13221498.11,39.39,0.011,94.02
3771c85bac139d2344864ede5d9341e3,26,1433.3,1171,2970,13221498.11,39.43,0.011,94.03
ec933281fb017b5020d06df29c3f77e8,8,1432.0,1172,2970,13221498.11,39.46,0.011,94.04
c5f7e746b7e6d07def6c0dae9903279b,10,1429.0,1173,2970,13221498.11,39.49,0.011,94.05
0aea4c6ae1505b3228ddf3dd7822ee5b,8,1427.91,1174,2970,13221498.11,39.53,0.011,94.06
f5f46307a4d15880ca14fab4ad9dfc9b,9,1422.94,1175,2970,13221498.11,39.56,0.011,94.07
491a5ada3aa1678414e990262c4bbdc1,1,1420.0,1176,2970,13221498.11,39.6,0.011,94.08
0b0ddbc7b9d9584f442c7ac92b0ff6c9,3,1416.76,1177,2970,13221498.11,39.63,0.011,94.09
010543a62bd80aa422851e79a3bc7540,2,1416.0,1178,2970,13221498.11,39.66,0.011,94.11
af3ef48d0e13835e529c29ac573c63e5,21,1405.63,1179,2970,13221498.11,39.7,0.011,94.12
921323538c9f1c4e816f2720eac02bea,15,1401.84,1180,2970,13221498.11,39.73,0.011,94.13
8ff1a9df749e454105c55cda13e79143,13,1400.6,1181,2970,13221498.11,39.76,0.011,94.14
d4ffeb15b67e81ff9af2b4252d99fb7e,11,1400.4,1182,2970,13221498.11,39.8,0.011,94.15
04843805947f0fc584fc1969b6e50fe7,1,1400.0,1183,2970,13221498.11,39.83,0.011,94.16
d4e12e7884759a14fa0f5f896c791cae,29,1400.0,1184,2970,13221498.11,39.87,0.011,94.17
b8114f2f589a6804810f04f99b36b498,8,1399.62,1185,2970,13221498.11,39.9,0.011,94.18
01bcc9d254a0143f0ce9791b960b2a47,10,1393.21,1186,2970,13221498.11,39.93,0.011,94.19
d9a84e1403de8da0c3aa531d6d108ba6,53,1385.3,1187,2970,13221498.11,39.97,0.01,94.2
8e2b3afb420011ef0c88c9d5f11ea526,11,1384.5,1188,2970,13221498.11,40.0,0.01,94.21
e7f3bf1ecd8526eb7f3b18059e6716e5,17,1382.04,1189,2970,13221498.11,40.03,0.01,94.22
88cf19ec1fc2c58f161aee259d57142c,14,1372.97,1190,2970,13221498.11,40.07,0.01,94.23
6eb94e1466490d327a09abf8f3552a50,9,1372.95,1191,2970,13221498.11,40.1,0.01,94.24
8185694b58b2ba6de20fd41ae608bbea,8,1372.3,1192,2970,13221498.11,40.13,0.01,94.25
431050a06a317f2b38168dec3dcd2b46,10,1370.0,1193,2970,13221498.11,40.17,0.01,94.26
985c92cc412091f8529c12d7f23d3fef,12,1368.5,1194,2970,13221498.11,40.2,0.01,94.27
0bebbb2cea103a4a020c95d43fd7d754,9,1367.2,1195,2970,13221498.11,40.24,0.01,94.28
2e1a7d075abe038c1b2743005fe42ff1,18,1366.8,1196,2970,13221498.11,40.27,0.01,94.29
556a6409838156ea299c9d1f9e2dde43,4,1362.8,1197,2970,13221498.11,40.3,0.01,94.3
36890be00bbfc1cdb9a4a38a6af05a69,13,1361.3,1198,2970,13221498.11,40.34,0.01,94.31
091065b789659bc3cd9af9cb3a6253ff,2,1359.0,1199,2970,13221498.11,40.37,0.01,94.32
2f73e04d12cdf0c945ded66bb3fcf6c7,3,1359.0,1200,2970,13221498.11,40.4,0.01,94.34
fe701d88b67eaca109dffd464d1be9f9,10,1359.0,1201,2970,13221498.11,40.44,0.01,94.35
42ef3192a9ff87a22d1867b74b3ee205,23,1354.09,1202,2970,13221498.11,40.47,0.01,94.36
9f50216bfd01913736a55a11b55ea842,17,1354.0,1203,2970,13221498.11,40.51,0.01,94.37
81336a0f57a33776419727a300249e90,15,1351.9,1204,2970,13221498.11,40.54,0.01,94.38
b9a03475e6447e631b6799ec8274800f,10,1349.1,1205,2970,13221498.11,40.57,0.01,94.39
c3ee2331a724e6fc02c4b698b57a73f3,2,1347.0,1206,2970,13221498.11,40.61,0.01,94.4
7e26c750b4cb9f6766f58265ff9ebe95,23,1344.3,1207,2970,13221498.11,40.64,0.01,94.41
b43d8b707f887a30f4675391098354a0,3,1342.0,1208,2970,13221498.11,40.67,0.01,94.42
02dcd3e8e25bee036e32512bcf175493,13,1341.9,1209,2970,13221498.11,40.71,0.01,94.43
186cdd1b2df32caa72cfb410bba768d3,6,1341.45,1210,2970,13221498.11,40.74,0.01,94.44
5a425cc503b39b262a847fd6212bf53b,14,1340.6,1211,2970,13221498.11,40.77,0.01,94.45
8ea394aed8138685abe1eb9f25e1021d,2,1340.0,1212,2970,13221498.11,40.81,0.01,94.46
89c127985a8b130cfa45c1d36764017a,6,1334.67,1213,2970,13221498.11,40.84,0.01,94.47
7357b52d27cbaa90f81a96cbc1279396,12,1328.02,1214,2970,13221498.11,40.88,0.01,94.48
3faf68a3b0af94b10bac70d86077be49,7,1322.93,1215,2970,13221498.11,40.91,0.01,94.49
5d9f3746e112e696f98ea22c56b3e912,1,1322.64,1216,2970,13221498.11,40.94,0.01,94.5
e439f7176d763f92de325271111b2fd5,6,1320.9,1217,2970,13221498.11,40.98,0.01,94.51
d2e753bb80b7d4faa77483ed00edc8ca,14,1320.7,1218,2970,13221498.11,41.01,0.01,94.52
2bd05d410a8fd26dc4184a15f4f2f588,6,1316.73,1219,2970,13221498.11,41.04,0.01,94.53
5151aea44289d6c6b090ee31c2132508,7,1315.3,1220,2970,13221498.11,41.08,0.01,94.54
4eb61f060e7dcc1d5a80d806c35cc541,8,1313.0,1221,2970,13221498.11,41.11,0.01,94.55
c794dab4928dd97beb41d05514441e86,16,1312.4,1222,2970,13221498.11,41.14,0.01,94.56
863d2ebcd347ce4922de7a0f9a5581d6,17,1312.36,1223,2970,13221498.11,41.18,0.01,94.57
f4a04f7be452aa3bb31760bf00055dd0,18,1312.1,1224,2970,13221498.11,41.21,0.01,94.58
626ab1cd96932367f0eeec2e47046c12,3,1310.0,1225,2970,13221498.11,41.25,0.01,94.59
7f40d06aa0b5f1aa4f41af8c0480e2ef,6,1309.94,1226,2970,13221498.11,41.28,0.01,94.6
9a1aea68d3efa00862ec88c0768037d0,7,1309.2,1227,2970,13221498.11,41.31,0.01,94.61
a13580f0e8f782b7a543885a0ef99f08,10,1304.9,1228,2970,13221498.11,41.35,0.01,94.62
83b08de96980757220871b31bf6cffca,5,1304.17,1229,2970,13221498.11,41.38,0.01,94.63
542917da124346b47ea1ac79a93ce454,20,1303.9,1230,2970,13221498.11,41.41,0.01,94.64
45a3d05fb00435e52a28859dd03703b3,1,1299.0,1231,2970,13221498.11,41.45,0.01,94.65
56e361f411e38dcef17cdc2a3d99628b,5,1298.0,1232,2970,13221498.11,41.48,0.01,94.66
d101c6da914ae3d53f7bee42283f2fe2,13,1297.4,1233,2970,13221498.11,41.52,0.01,94.67
51ed72984a04e5dd35c2b27e77179038,7,1294.3,1234,2970,13221498.11,41.55,0.01,94.68
b9ca8e8baa5d4aa038394a700f63e69f,14,1289.77,1235,2970,13221498.11,41.58,0.01,94.69
25e47381a6c510ddeb36084e33b89f0c,16,1289.6,1236,2970,13221498.11,41.62,0.01,94.7
141440cad9341e553f8401c574a2aa38,11,1288.2,1237,2970,13221498.11,41.65,0.01,94.7
e63e8bfa530fb16910dd6956e592bb81,41,1282.8,1238,2970,13221498.11,41.68,0.01,94.71
e3d3b3efac954a60d61be70b7e05b49b,3,1282.05,1239,2970,13221498.11,41.72,0.01,94.72
4eeb99008a0f59d2c7759c59f9a346eb,2,1282.0,1240,2970,13221498.11,41.75,0.01,94.73
269cff2d3c8d205c11f37a52402ea93b,4,1281.59,1241,2970,13221498.11,41.78,0.01,94.74
a478c7961d6a992065b24e63b366f90b,8,1281.5,1242,2970,13221498.11,41.82,0.01,94.75
5795aebfe331fbcd02a2c4b679fb7952,6,1280.0,1243,2970,13221498.11,41.85,0.01,94.76
fec8cd45395b3cb0c2b173d7739706a1,4,1280.0,1244,2970,13221498.11,41.89,0.01,94.77
bb5d956dece964a06c12bceb66b923ae,2,1278.36,1245,2970,13221498.11,41.92,0.01,94.78
fa74b2f3287d296e9fbd2cc80f2d1cf1,5,1274.49,1246,2970,13221498.11,41.95,0.01,94.79
3f8034bfc6b8b4135534975d49f04c63,11,1273.9,1247,2970,13221498.11,41.99,0.01,94.8
718539d38d07dd351c76db862760e2e2,35,1273.01,1248,2970,13221498.11,42.02,0.01,94.81
128f9bfbe4c7d5185033914b1de3d39a,13,1267.39,1249,2970,13221498.11,42.05,0.01,94.82
c8c1bea22194a4eefa2dc9a9fa89f536,7,1266.0,1250,2970,13221498.11,42.09,0.01,94.83
2646baaf662d4d92ac48f047e35db92d,15,1263.05,1251,2970,13221498.11,42.12,0.01,94.84
9ed65337433adfbedefd23dd76eaa494,6,1262.6,1252,2970,13221498.11,42.15,0.01,94.85
da7039f29f90ce5b4846ffc0fcc93beb,17,1259.1,1253,2970,13221498.11,42.19,0.01,94.86
9140bd1d9de28b197dce077bdd687438,6,1258.87,1254,2970,13221498.11,42.22,0.01,94.87
8a9260f2b0340411d6d2a56bcf4f7378,8,1256.0,1255,2970,13221498.11,42.26,0.009,94.88
b8578d2d823bd8e251f6fdd02b40902d,9,1255.6,1256,2970,13221498.11,42.29,0.009,94.89
734def04b237117a09321dd6d8f3f2a2,2,1252.43,1257,2970,13221498.11,42.32,0.009,94.9
402916f742e5c740cc751493d9cf5053,9,1252.0,1258,2970,13221498.11,42.36,0.009,94.91
30a81d8cf85fb2ada1b1b094c9583a95,17,1245.42,1259,2970,13221498.11,42.39,0.009,94.92
3fac58ce0ad699020c7944d53c41329c,10,1244.95,1260,2970,13221498.11,42.42,0.009,94.93
671585f5a2af58b6e276bc01003c0d2b,27,1244.0,1261,2970,13221498.11,42.46,0.009,94.93
5d76d80a2f5f39c891b996a1bf4c9853,6,1238.5,1262,2970,13221498.11,42.49,0.009,94.94
67225bff54a172ff67579aaf583efd78,8,1238.0,1263,2970,13221498.11,42.53,0.009,94.95
058cb5aeb36d7c0fcae20fc85d5e0a59,11,1236.0,1264,2970,13221498.11,42.56,0.009,94.96
4fb41dff7c50136976d1a5cf004a42e2,3,1230.0,1265,2970,13221498.11,42.59,0.009,94.97
a36ac007a4d18f865c8d32c3b2402c2d,8,1229.79,1266,2970,13221498.11,42.63,0.009,94.98
7daca0837f033a41a6f3428c18657533,7,1228.98,1267,2970,13221498.11,42.66,0.009,94.99
2d518637f53161b973e01f56ea4bb88e,13,1219.89,1268,2970,13221498.11,42.69,0.009,95.0
9c4d31c7e46ab03a43fc06e3142afd4e,2,1218.9,1269,2970,13221498.11,42.73,0.009,95.01
7a425d299613df3e613bcf9d2eaf5c49,18,1218.8,1270,2970,13221498.11,42.76,0.009,95.02
52f9db5cfb423382a2fa5c9e39303202,21,1218.78,1271,2970,13221498.11,42.79,0.009,95.03
2cb6eb1b7185064167657fa09f541105,6,1217.9,1272,2970,13221498.11,42.83,0.009,95.04
002100f778ceb8431b7a1020ff7ab48f,50,1216.6,1273,2970,13221498.11,42.86,0.009,95.05
093805f8f2aeb63881444571e1f48f30,22,1215.79,1274,2970,13221498.11,42.9,0.009,95.06
f9d010e39375d9c91dce3f40b73a2f84,4,1212.0,1275,2970,13221498.11,42.93,0.009,95.06
f08c008c8a8d31417763738a1788a2a8,20,1211.92,1276,2970,13221498.11,42.96,0.009,95.07
788e857f317e53de488d393e65a80f45,11,1210.0,1277,2970,13221498.11,43.0,0.009,95.08
6426d21aca402a131fc0a5d0960a3c90,23,1209.64,1278,2970,13221498.11,43.03,0.009,95.09
01fd077212124329bac32490e8ef80d9,31,1208.0,1279,2970,13221498.11,43.06,0.009,95.1
b566ab0ef88016e00422755e305103c6,5,1208.0,1280,2970,13221498.11,43.1,0.009,95.11
bc07d855eac23aab5ac8a120f21d16b2,11,1202.62,1281,2970,13221498.11,43.13,0.009,95.12
7238f877570096ae403c51898fa64566,3,1200.0,1282,2970,13221498.11,43.16,0.009,95.13
6bef34c5be6f2bbd70aa5165f6df94b1,2,1198.0,1283,2970,13221498.11,43.2,0.009,95.14
11fb6f6d341adbe19e81733701704635,3,1197.0,1284,2970,13221498.11,43.23,0.009,95.15
a20d8058c866dbaeca014d2cd20ac62e,2,1194.0,1285,2970,13221498.11,43.27,0.009,95.16
f235413f677777a0738ff215d0184901,2,1191.98,1286,2970,13221498.11,43.3,0.009,95.16
d8c7ba53e7e38711eaef8c2849d6d2e1,22,1190.87,1287,2970,13221498.11,43.33,0.009,95.17
700f03c207639c22d933381ff60b35c2,4,1189.86,1288,2970,13221498.11,43.37,0.009,95.18
c0098efcf800861dcae589affca31408,9,1189.28,1289,2970,13221498.11,43.4,0.009,95.19
1710c3aaa9c6b44ec3883ee0fe300e21,2,1188.9,1290,2970,13221498.11,43.43,0.009,95.2
c273175f7c6c80fb02f051e2fc6d0d72,14,1188.23,1291,2970,13221498.11,43.47,0.009,95.21
1dcfa3835714681d4ba4a93bc1e0fd41,12,1186.6,1292,2970,13221498.11,43.5,0.009,95.22
439a47cc365d6e3bd526812ea9de3c29,8,1186.5,1293,2970,13221498.11,43.54,0.009,95.23
0afccdb8a34ee5c79f7c06faf2b4d56e,24,1185.6,1294,2970,13221498.11,43.57,0.009,95.24
3092c0b297aacfb4bb6e056ebe13b9b8,16,1184.3,1295,2970,13221498.11,43.6,0.009,95.25
a5259c149128e82c9d6d46e0c1c812bb,8,1182.26,1296,2970,13221498.11,43.64,0.009,95.25
7ff588a03c2aeae4fbd23f9ae64b760d,14,1182.2,1297,2970,13221498.11,43.67,0.009,95.26
2709af9587499e95e803a6498a5a56e9,25,1180.56,1298,2970,13221498.11,43.7,0.009,95.27
327b89b872c14d1c0be7235ef4871685,3,1177.0,1299,2970,13221498.11,43.74,0.009,95.28
b1aaae6b66ad3c40f54b389d7ea4bee0,15,1176.5,1300,2970,13221498.11,43.77,0.009,95.29
dbec9a0a7efeff029d4d9dce7dc4cc95,3,1170.0,1301,2970,13221498.11,43.8,0.009,95.3
f1b854361f4e15d5851b494df66f22b2,3,1168.8,1302,2970,13221498.11,43.84,0.009,95.31
8629c241b3622ac12cd4118afdc8d394,13,1167.66,1303,2970,13221498.11,43.87,0.009,95.32
5ee7fd217d08dfe5d3e2f51f96a12c9a,9,1165.5,1304,2970,13221498.11,43.91,0.009,95.33
c8e135e7b21ecbc36c1153a29d2f5a06,7,1165.5,1305,2970,13221498.11,43.94,0.009,95.33
57c764b4a836300be881e2ff86e449f9,28,1156.1,1306,2970,13221498.11,43.97,0.009,95.34
d1c7fa84e48cfa21a0e595167c1c500e,12,1156.03,1307,2970,13221498.11,44.01,0.009,95.35
d1b9d4be4b6f9ebd85f8acd6745ba612,11,1154.35,1308,2970,13221498.11,44.04,0.009,95.36
2d378dbb39815785238c0139c7647fb7,2,1154.0,1309,2970,13221498.11,44.07,0.009,95.37
c35672b10ad50968f567ea3f4b91e877,18,1150.57,1310,2970,13221498.11,44.11,0.009,95.38
5fd924b4836098a5be0ecf81ba054ce0,7,1148.8,1311,2970,13221498.11,44.14,0.009,95.39
1d2732ef8321502ee8488e8bed1ab8cd,4,1148.0,1312,2970,13221498.11,44.18,0.009,95.4
d4910f1cdcfdabd48d6b316e395d4a23,11,1146.88,1313,2970,13221498.11,44.21,0.009,95.4
10ff823eda2b032e2c93d17a7d294736,8,1144.98,1314,2970,13221498.11,44.24,0.009,95.41
5f3ae9136c875522250f8184f253413a,42,1143.05,1315,2970,13221498.11,44.28,0.009,95.42
1ca4bdb0cd7fc48e949bac066188ed26,3,1140.0,1316,2970,13221498.11,44.31,0.009,95.43
5b97c06a046398e7005b2b7c0d707a92,3,1139.97,1317,2970,13221498.11,44.34,0.009,95.44
10089e9f2fd0c668a8fd4e52e1698888,3,1139.9,1318,2970,13221498.11,44.38,0.009,95.45
5f26c1408a65b42a7224cd463bdf3292,10,1139.8,1319,2970,13221498.11,44.41,0.009,95.46
6b89abe95848c850399130d149a39b63,8,1135.2,1320,2970,13221498.11,44.44,0.009,95.46
5b07547f10dd980738a1a27f685af669,13,1134.6,1321,2970,13221498.11,44.48,0.009,95.47
713e3a23ca5e47786eb6f0d99f94cfac,4,1126.0,1322,2970,13221498.11,44.51,0.009,95.48
138dbe45fc62f1e244378131a6801526,49,1125.56,1323,2970,13221498.11,44.55,0.009,95.49
ecccfa2bb93b34a3bf033cc5d1dcdc69,12,1120.85,1324,2970,13221498.11,44.58,0.008,95.5
c878515173c84a492ebe50d6b493230b,9,1118.84,1325,2970,13221498.11,44.61,0.008,95.51
cda598c48d7c614bc1cad7d8ff6f0010,17,1118.6,1326,2970,13221498.11,44.65,0.008,95.52
365e445f796710c3431557e85caa25db,4,1115.0,1327,2970,13221498.11,44.68,0.008,95.52
1b65c144b17e607c0f37f10bb7dfec8d,5,1109.5,1328,2970,13221498.11,44.71,0.008,95.53
b586cd24c010a13916af621b0325fbba,6,1108.94,1329,2970,13221498.11,44.75,0.008,95.54
6c6cc59a5c00cacc5054ca06d65cc282,1,1107.0,1330,2970,13221498.11,44.78,0.008,95.55
abc015ebac1d283a323ca9db35ede4b9,12,1106.8,1331,2970,13221498.11,44.81,0.008,95.56
a425f92c199eb576938df686728acd20,16,1106.3,1332,2970,13221498.11,44.85,0.008,95.57
457fe919b032a3f7dadba6fb92cf7855,9,1104.89,1333,2970,13221498.11,44.88,0.008,95.57
48328ec9a579151d9cc6a86d4a59336c,1,1099.0,1334,2970,13221498.11,44.92,0.008,95.58
4b39558c138930b9e5489c93b6df5fe3,4,1096.7,1335,2970,13221498.11,44.95,0.008,95.59
b55638ad525e906c698fa2ce742c1742,11,1094.8,1336,2970,13221498.11,44.98,0.008,95.6
75fbb52eda0cbc24f479d3b2fbfa8d3e,38,1094.19,1337,2970,13221498.11,45.02,0.008,95.61
119d1aef1b4144adba89163f6cd9f5d4,4,1094.0,1338,2970,13221498.11,45.05,0.008,95.62
8b655f0855926bcb49f5835d38dfddf6,5,1089.5,1339,2970,13221498.11,45.08,0.008,95.62
e504a4e2efaa45cbff7e268a2c58c956,10,1088.9,1340,2970,13221498.11,45.12,0.008,95.63
f205b1a3ca9a34e0f8a228bae6e4c7b3,8,1088.0,1341,2970,13221498.11,45.15,0.008,95.64
76ea5315acb3f5f7ade3cd261faf922a,15,1087.06,1342,2970,13221498.11,45.19,0.008,95.65
fe87f472055fbcf1d7e691c00b1560dc,6,1085.8,1343,2970,13221498.11,45.22,0.008,95.66
e48cc16ab70bfa09e1401740dce0b3d7,14,1084.83,1344,2970,13221498.11,45.25,0.008,95.66
39f776d2974049026ff531fc42ef2a3e,3,1084.04,1345,2970,13221498.11,45.29,0.008,95.67
71dc18fd8cbf5fd77f45dd8b427abb34,4,1080.0,1346,2970,13221498.11,45.32,0.008,95.68
4091f77d8c768fc3e81c20761471761d,8,1079.0,1347,2970,13221498.11,45.35,0.008,95.69
4736e9d642ef4257cd7622516931eb51,16,1078.87,1348,2970,13221498.11,45.39,0.008,95.7
03a2a6dcbe45d639c4dc2a0d24769c40,9,1078.41,1349,2970,13221498.11,45.42,0.008,95.71
a066df7361163e7ddc5d7452dd17448b,15,1078.3,1350,2970,13221498.11,45.45,0.008,95.71
577719699805dd125d5b6fdde5943bba,8,1077.8,1351,2970,13221498.11,45.49,0.008,95.72
167fd940acebc789debd6eb418c46e38,5,1077.58,1352,2970,13221498.11,45.52,0.008,95.73
3d4b1ae7539303b5704493798893e82c,6,1076.0,1353,2970,13221498.11,45.56,0.008,95.74
6562efe88ce0826a4ca4f189f03b4b84,8,1076.0,1354,2970,13221498.11,45.59,0.008,95.75
4cf490a58259286ada5ba8525ba9e84a,7,1075.3,1355,2970,13221498.11,45.62,0.008,95.75
596849622429351f47b32e6cae1055ff,13,1069.8,1356,2970,13221498.11,45.66,0.008,95.76
334cab711dee080b079fa5779b584783,11,1069.7,1357,2970,13221498.11,45.69,0.008,95.77
b18871c324516afa228a13e8f1ef0ae9,9,1064.6,1358,2970,13221498.11,45.72,0.008,95.78
eb72802c83dc7547529c9546d1a9b8ef,8,1063.92,1359,2970,13221498.11,45.76,0.008,95.79
8fbd63429be6d3e5e6d1a709b6464802,6,1061.4,1360,2970,13221498.11,45.79,0.008,95.79
b2eecf5ea250510da76590ca79d60e5d,9,1060.0,1361,2970,13221498.11,45.82,0.008,95.8
1464afc72f696af775557a821c2e253f,29,1059.36,1362,2970,13221498.11,45.86,0.008,95.81
226b05fe067266c59c15dae208213d06,10,1056.9,1363,2970,13221498.11,45.89,0.008,95.82
55dedd83e501d8248880557d9073cbfd,8,1055.3,1364,2970,13221498.11,45.93,0.008,95.83
9d7a1d34a5052409006425275ba1c2b4,13,1054.82,1365,2970,13221498.11,45.96,0.008,95.83
fcf16b7a8697e559f0123190bb30177d,3,1052.8,1366,2970,13221498.11,45.99,0.008,95.84
4324dd16853115efb0fd9d0d131ba6f4,12,1052.25,1367,2970,13221498.11,46.03,0.008,95.85
bb135baca94c82fcb731335ad5b04a03,18,1049.8,1368,2970,13221498.11,46.06,0.008,95.86
49067458c68f7701fd334ce326accbe0,17,1047.65,1369,2970,13221498.11,46.09,0.008,95.87
ea6b12bf9ffe2bac34602ec631d97a47,9,1047.3,1370,2970,13221498.11,46.13,0.008,95.87
1cbd32d00d01bb8087a5eb088612fd9c,11,1045.47,1371,2970,13221498.11,46.16,0.008,95.88
c03121937e54a93fcc1825c3098bbb6e,7,1043.0,1372,2970,13221498.11,46.2,0.008,95.89
89f69225956f951295ca4c7fb1266553,11,1041.3,1373,2970,13221498.11,46.23,0.008,95.9
1bc2e21de46adfea6b98cc96b00f3b40,3,1039.95,1374,2970,13221498.11,46.26,0.008,95.91
633ecdf879b94b5337cca303328e4a25,6,1037.6,1375,2970,13221498.11,46.3,0.008,95.91
7df1fc11cc5cbc518b39faa60cf5d67c,5,1037.6,1376,2970,13221498.11,46.33,0.008,95.92
c54679b132454625907c773d273d4126,7,1032.0,1377,2970,13221498.11,46.36,0.008,95.93
8c5e007d7bd5693fa1386ffefbc99f6c,9,1029.11,1378,2970,13221498.11,46.4,0.008,95.94
8f2b51a30523cdecddc2f179f351c7d6,7,1027.9,1379,2970,13221498.11,46.43,0.008,95.95
76c47a299e4a8fe992316a85865acbe9,6,1024.46,1380,2970,13221498.11,46.46,0.008,95.95
e58a5b390e28abc0b216cfb0e07d27d7,7,1022.6,1381,2970,13221498.11,46.5,0.008,95.96
26785a546900236d66f2e4197c211158,15,1019.2,1382,2970,13221498.11,46.53,0.008,95.97
7aa538dd6e114e503a2e6154ea352253,5,1016.68,1383,2970,13221498.11,46.57,0.008,95.98
a13aaf2d2886ab9fb30fb9a920160b8f,4,1011.52,1384,2970,13221498.11,46.6,0.008,95.98
28872dc528e978a639754bc8c2ce5a4c,1,1009.9,1385,2970,13221498.11,46.63,0.008,95.99
5b664594895aefb418afaee6d40a9a23,16,1008.8,1386,2970,13221498.11,46.67,0.008,96.0
00720abe85ba0859807595bbf045a33b,13,1007.5,1387,2970,13221498.11,46.7,0.008,96.01
fb3cfbc8a86f5d7fbb4d36b8df63f60d,10,1007.3,1388,2970,13221498.11,46.73,0.008,96.01
980640c45d7a4635885491d077167e4d,14,1004.29,1389,2970,13221498.11,46.77,0.008,96.02
ef9952469137ff190bacafe117f51537,5,1002.66,1390,2970,13221498.11,46.8,0.008,96.03
515d781150feed28a6ac091bb0e3cb8c,6,1002.35,1391,2970,13221498.11,46.84,0.008,96.04
2379bdc3888025689a9deb7b141507d5,9,999.5,1392,2970,13221498.11,46.87,0.008,96.04
41c9d3997dd3c072c31139dc5bb5761f,3,998.8,1393,2970,13221498.11,46.9,0.008,96.05
cb4a705d00e100b9732d0ca34817d441,1,998.0,1394,2970,13221498.11,46.94,0.008,96.06
de9727ca376d1be6ec121b110aa7954c,9,997.8,1395,2970,13221498.11,46.97,0.008,96.07
b5e3e38609125694d2ea2417522a60b7,16,995.04,1396,2970,13221498.11,47.0,0.008,96.07
7c5b05cbdb5542049f38d90d7815b97d,21,993.97,1397,2970,13221498.11,47.04,0.008,96.08
04e38a233f726ef161074ab1c9b0399a,19,991.6,1398,2970,13221498.11,47.07,0.007,96.09
8a43128d7f9a3db592b866e6861a6cce,3,990.6,1399,2970,13221498.11,47.1,0.007,96.1
7ecef8194babfec876ca720714327841,7,990.5,1400,2970,13221498.11,47.14,0.007,96.1
d1582f4043306e6b91afa6a8a884f898,9,990.0,1401,2970,13221498.11,47.17,0.007,96.11
6025c79c035c3d772133b8b8238463b2,2,989.74,1402,2970,13221498.11,47.21,0.007,96.12
8fdca8e349553f99bc738833a62c8802,22,989.34,1403,2970,13221498.11,47.24,0.007,96.13
edd066cd02126d7800f9b66e980e9931,6,987.7,1404,2970,13221498.11,47.27,0.007,96.13
e84ad2127668df3aafc6b73531a0beb8,19,987.0,1405,2970,13221498.11,47.31,0.007,96.14
7a9c12e235c36247c3c81f50d6ea9cea,5,983.9,1406,2970,13221498.11,47.34,0.007,96.15
adcf50477d6a1f5d91bb9d54c4903cb5,16,981.86,1407,2970,13221498.11,47.37,0.007,96.16
325f3178fb58e2a9778334621eecdbf9,36,981.7,1408,2970,13221498.11,47.41,0.007,96.16
83645b1645cdee8953ee54c29ceed564,14,978.9,1409,2970,13221498.11,47.44,0.007,96.17
e0eabded302882513ced4ea3eb0c7059,8,978.4,1410,2970,13221498.11,47.47,0.007,96.18
a99504ac23ed125aaf5302af6cc30af9,1,978.0,1411,2970,13221498.11,47.51,0.007,96.19
8e670472e453ba34a379331513d6aab1,1,975.0,1412,2970,13221498.11,47.54,0.007,96.19
3f2af2670e104d1bcb54022274daeac5,6,973.6,1413,2970,13221498.11,47.58,0.007,96.2
0e982cff76cc0579f632cea8a0e38c9d,6,971.9,1414,2970,13221498.11,47.61,0.007,96.21
9bc484c87d79cd4874e05ca182658045,8,970.0,1415,2970,13221498.11,47.64,0.007,96.22
528bcf6680c36dddf07620bd35b33a6f,2,969.98,1416,2970,13221498.11,47.68,0.007,96.22
ec4608a1f76453166bb312b2968aeaf4,17,968.81,1417,2970,13221498.11,47.71,0.007,96.23
9261d76c62caaf0b24677c2ceb7f8f20,6,968.7,1418,2970,13221498.11,47.74,0.007,96.24
9e9b539eb2806acee3f5c28085c1db9f,3,967.0,1419,2970,13221498.11,47.78,0.007,96.25
4b1eaadf791bdbbad8c4a35b65236d52,5,960.09,1420,2970,13221498.11,47.81,0.007,96.25
b19c48688808720822399ffa9f2dbe2f,1,959.99,1421,2970,13221498.11,47.85,0.007,96.26
05730013efda596306417c3b09302475,4,952.0,1422,2970,13221498.11,47.88,0.007,96.27
f0e103c63864d5405b958d984b6e94c9,11,951.7,1423,2970,13221498.11,47.91,0.007,96.27
5b2e94f2c22b39ccc24d34ad0f669672,10,949.78,1424,2970,13221498.11,47.95,0.007,96.28
07017df32dc5f2f1d2801e579548d620,8,946.49,1425,2970,13221498.11,47.98,0.007,96.29
4f1f1c8666cdb6442f775c4e8caed465,2,944.98,1426,2970,13221498.11,48.01,0.007,96.3
4e06067cc08b3f41d837768d392c3ee3,31,941.72,1427,2970,13221498.11,48.05,0.007,96.3
69b5eaa096c3f9d1e5c398c597f567d6,2,938.0,1428,2970,13221498.11,48.08,0.007,96.31
79a679c36c08d606b3fd47ead9de109b,3,935.0,1429,2970,13221498.11,48.11,0.007,96.32
db46ca7bce82b11f7e247539271fc390,16,933.97,1430,2970,13221498.11,48.15,0.007,96.32
bc47d5d1490df2b36add65d733eafaba,21,929.8,1431,2970,13221498.11,48.18,0.007,96.33
4ebdc7e6cd6102a022dadc49156d4ea8,29,928.7,1432,2970,13221498.11,48.22,0.007,96.34
c8025364abeecb115431bf95c11a747f,2,928.0,1433,2970,13221498.11,48.25,0.007,96.35
20b54c376b794ed028df09a3cd88e8dc,7,927.87,1434,2970,13221498.11,48.28,0.007,96.35
343e716476e3748b069f980efbaa294e,17,922.6,1435,2970,13221498.11,48.32,0.007,96.36
2d42ebcda99fd55f6f4bc2f1ca035d50,10,921.5,1436,2970,13221498.11,48.35,0.007,96.37
ef2fbc2b607d8492bcffe657a4645434,19,920.9,1437,2970,13221498.11,48.38,0.007,96.37
670a9dda115b5a88b18cfadee8de2332,11,918.9,1438,2970,13221498.11,48.42,0.007,96.38
7d7d2b7a51328016102d4528c411d630,7,918.8,1439,2970,13221498.11,48.45,0.007,96.39
1caf283236cd69af44cbc09a0a1e7d32,33,917.6,1440,2970,13221498.11,48.48,0.007,96.39
dc7192adf8ba09569261f4a8d576afe0,7,917.0,1441,2970,13221498.11,48.52,0.007,96.4
e9729944ba65dc3ce425e0c5a22ae7b2,4,916.7,1442,2970,13221498.11,48.55,0.007,96.41
32e5635e63cb374eb63afdd242fb6134,1,910.0,1443,2970,13221498.11,48.59,0.007,96.41
70849ca4f400aaabb62cb7462a6f1428,12,909.58,1444,2970,13221498.11,48.62,0.007,96.42
3f9c56764fabca627406093dcb3ef0b4,7,909.3,1445,2970,13221498.11,48.65,0.007,96.43
08d2d642cf72b622b14dde1d2f5eb2f5,16,909.0,1446,2970,13221498.11,48.69,0.007,96.44
e5cbe890e679490127e9a390b46bbd20,2,908.99,1447,2970,13221498.11,48.72,0.007,96.44
4a1f694197d05fe70026b016a7316b41,14,907.77,1448,2970,13221498.11,48.75,0.007,96.45
e250d617a0ad591ba9bd663e584a895d,8,904.12,1449,2970,13221498.11,48.79,0.007,96.46
ae45df84722b1d15c5f32b23a095746c,9,901.83,1450,2970,13221498.11,48.82,0.007,96.46
e1c76f339ebd5460999f25a2aa8c92c5,1,899.9,1451,2970,13221498.11,48.86,0.007,96.47
b45d7ebfb7378630f1bcd74b6ff86ff7,3,899.7,1452,2970,13221498.11,48.89,0.007,96.48
7dc9a3355bae96dd82008b313d3a456c,1,899.0,1453,2970,13221498.11,48.92,0.007,96.48
e51f22821f0c12a16ad5c020cdcd55e9,4,898.71,1454,2970,13221498.11,48.96,0.007,96.49
f8201cab383e484733266d1906e2fdfa,10,889.0,1455,2970,13221498.11,48.99,0.007,96.5
160e4f13fd3a64b1b86807be88b5ffb0,4,886.0,1456,2970,13221498.11,49.02,0.007,96.5
e1dc0754bada9ee4cfe9713f22f61292,12,885.0,1457,2970,13221498.11,49.06,0.007,96.51
ffad1e7127fb622cb64a900751590acd,10,884.3,1458,2970,13221498.11,49.09,0.007,96.52
48985c61529077fa4f1e38bcff0f2ed3,7,879.3,1459,2970,13221498.11,49.12,0.007,96.52
3c3017960b2dbd72711a61f0400aab8f,9,878.9,1460,2970,13221498.11,49.16,0.007,96.53
134a288e7de827ec5ec62e3ec9c3a295,9,877.45,1461,2970,13221498.11,49.19,0.007,96.54
17eea220a40cc0d2c0c5346379682398,3,875.98,1462,2970,13221498.11,49.23,0.007,96.54
1f867308a0ce13133a4e639ff4de0c02,7,875.1,1463,2970,13221498.11,49.26,0.007,96.55
cac63f48c38cd7d002a7e846dcd99a23,10,874.0,1464,2970,13221498.11,49.29,0.007,96.56
3d621842b2ed28e2b474132480edac3c,8,873.93,1465,2970,13221498.11,49.33,0.007,96.56
efff9341f3f8f5237b44ff67ed36a7bf,5,872.99,1466,2970,13221498.11,49.36,0.007,96.57
9c690ceacd5c66731bf443ea810195cb,10,871.8,1467,2970,13221498.11,49.39,0.007,96.58
04fdea0c111866e6cf812f1570d6b5bd,8,865.0,1468,2970,13221498.11,49.43,0.007,96.58
a67780aba9dd436e7ac0aa1f889e73ec,6,863.0,1469,2970,13221498.11,49.46,0.007,96.59
41da412d33e8da4f22baf55cb1bde82c,15,862.9,1470,2970,13221498.11,49.49,0.007,96.6
6a8a889bde935bafa76d7848782dfaf9,26,860.82,1471,2970,13221498.11,49.53,0.007,96.6
5011f0d93373a4c5753adf58ca77af8d,11,859.52,1472,2970,13221498.11,49.56,0.007,96.61
c4fabeea6e569d42d02993bb1f4f1cbc,11,859.3,1473,2970,13221498.11,49.6,0.006,96.62
2c43fb513632d29b3b58df74816f1b06,3,858.0,1474,2970,13221498.11,49.63,0.006,96.62
e8dba4d70f7f2b20e775d09cae01142d,9,855.91,1475,2970,13221498.11,49.66,0.006,96.63
bf00385a5f7fc1ef39a13c2e9ee50a5f,28,855.4,1476,2970,13221498.11,49.7,0.006,96.63
9198786624eaeb375793215cad26cfa6,8,854.4,1477,2970,13221498.11,49.73,0.006,96.64
f783a638e9c6af4a7d0dbfde811e7a81,5,849.8,1478,2970,13221498.11,49.76,0.006,96.65
1099a00e0ee3a50935e6c2447ca090c5,3,849.7,1479,2970,13221498.11,49.8,0.006,96.65
010da0602d7774602cd1b3f5fb7b709e,1,849.5,1480,2970,13221498.11,49.83,0.006,96.66
4221a7df464f1fe2955934e30ff3a5a1,5,849.5,1481,2970,13221498.11,49.87,0.006,96.67
a0d7fbb07bb5ebc3b05980e750db56f3,3,848.99,1482,2970,13221498.11,49.9,0.006,96.67
3dbbce181edfaa4a597ec858c382d2ec,17,848.3,1483,2970,13221498.11,49.93,0.006,96.68
fe1b067411b8c5066e962aa146ccee03,8,847.78,1484,2970,13221498.11,49.97,0.006,96.69
113e3a788b935f48aad63e1c41dac1bd,39,847.35,1485,2970,13221498.11,50.0,0.006,96.69
20cb7c2fde3e5bf10f0bbe7394e1c6a9,31,845.0,1486,2970,13221498.11,50.03,0.006,96.7
2b03ac196f5ed62ac483960fe0fa3b65,7,843.1,1487,2970,13221498.11,50.07,0.006,96.71
ddd51ae8cda92f3995a51fc0f0f3eec7,8,842.7,1488,2970,13221498.11,50.1,0.006,96.71
0791d9fc1e30678ecf03d3e55fa108d3,5,842.0,1489,2970,13221498.11,50.13,0.006,96.72
a1544b9ea0b2390e020537d4daa89049,8,841.2,1490,2970,13221498.11,50.17,0.006,96.72
a3b42d266fa8afc874b909422ce88582,1,839.4,1491,2970,13221498.11,50.2,0.006,96.73
c37b2059d4f90d4feead554e5246565e,12,839.3,1492,2970,13221498.11,50.24,0.006,96.74
6e4f5ff6b086632ba8dcb558fb10249e,5,838.9,1493,2970,13221498.11,50.27,0.006,96.74
82cb9f452fe8334df74b22d37824b431,14,838.2,1494,2970,13221498.11,50.3,0.006,96.75
eba88037e1dca898cd02881f67ced679,6,838.1,1495,2970,13221498.11,50.34,0.006,96.76
b81e3a6c866a764974fe849821abeebd,8,836.15,1496,2970,13221498.11,50.37,0.006,96.76
28f10b1c5e5abb9d4857745bede6147c,28,835.0,1497,2970,13221498.11,50.4,0.006,96.77
297d5eccd19fa9a83b2630071ff105e4,8,834.97,1498,2970,13221498.11,50.44,0.006,96.78
1bb3812d5f0747a3ab7348f199001a10,9,834.4,1499,2970,13221498.11,50.47,0.006,96.78
91543f9849d68d023e17194926598543,4,834.0,1500,2970,13221498.11,50.51,0.006,96.79
c00396cbdd2e088fe4281baa5920aef1,1,832.41,1501,2970,13221498.11,50.54,0.006,96.79
9485a23c0430ba1d58d359391606fce6,4,830.9,1502,2970,13221498.11,50.57,0.006,96.8
8602a61d680a10a82cceeeda0d99ea3d,17,826.99,1503,2970,13221498.11,50.61,0.006,96.81
1cd9e0cc1839d55516843def5600816d,5,825.0,1504,2970,13221498.11,50.64,0.006,96.81
51e4e89242cbb846c2deff3dc015650e,16,822.58,1505,2970,13221498.11,50.67,0.006,96.82
10076e5788b8ee532724bcd460baf762,23,821.48,1506,2970,13221498.11,50.71,0.006,96.83
28ea411b354f14b1a494be4e79f0ce02,6,820.0,1507,2970,13221498.11,50.74,0.006,96.83
973f21788dfab357250f69a8dcb7ddee,9,819.0,1508,2970,13221498.11,50.77,0.006,96.84
0aa2205ca24f113f4658a5c536667426,4,815.62,1509,2970,13221498.11,50.81,0.006,96.84
63a79f5a7eb5cb48a7e5787b141c7993,11,815.1,1510,2970,13221498.11,50.84,0.006,96.85
daf565f087a52def0fd5c5825b3661bc,9,813.9,1511,2970,13221498.11,50.88,0.006,96.86
dc64d75cc406bb0697be983831430e60,4,813.0,1512,2970,13221498.11,50.91,0.006,96.86
a1bea7061f61f6fdd9a85a6325ba1033,9,810.95,1513,2970,13221498.11,50.94,0.006,96.87
725af026f869236a8dd0ceb98564d156,5,810.72,1514,2970,13221498.11,50.98,0.006,96.87
5996cddab893a4652a15592fb58ab8db,1,810.0,1515,2970,13221498.11,51.01,0.006,96.88
bd4431c1a8dfa744b59e1e2a8bc99b9e,7,809.5,1516,2970,13221498.11,51.04,0.006,96.89
14ee35374a7876217954b5fa08e50463,6,809.0,1517,2970,13221498.11,51.08,0.006,96.89
ba5daa4041e1f15cdf34b76e3e18a450,15,806.8,1518,2970,13221498.11,51.11,0.006,96.9
caa9bc43a9fe8cf9c564ddd8a03cc4a6,13,803.87,1519,2970,13221498.11,51.14,0.006,96.91
b5abf4f36adc043117b4fca82c22984c,8,803.1,1520,2970,13221498.11,51.18,0.006,96.91
a72c2f59332659e361d647515c698798,5,802.9,1521,2970,13221498.11,51.21,0.006,96.92
11eac105f3f90a9b87b19c89d91e24f3,5,802.89,1522,2970,13221498.11,51.25,0.006,96.92
ba6b4a237f92479743cf0ca06b67a9ac,8,801.89,1523,2970,13221498.11,51.28,0.006,96.93
557f22c76691849db52d2abccf0015d0,12,799.87,1524,2970,13221498.11,51.31,0.006,96.94
253f95b3a0e6983ae18aed49fbc2b845,5,799.5,1525,2970,13221498.11,51.35,0.006,96.94
9c7fd21e0aa159b20da593371f08ff7c,7,798.3,1526,2970,13221498.11,51.38,0.006,96.95
13511db12ac61e2f89c53b72a944a60b,6,798.0,1527,2970,13221498.11,51.41,0.006,96.95
365e4bce19bda0082c3d15d83fdb8bcd,6,796.4,1528,2970,13221498.11,51.45,0.006,96.96
5a05a16bb50629ee31afab8a6d4c2674,14,794.3,1529,2970,13221498.11,51.48,0.006,96.97
e3a386fc36e22064434e1fa256f6a9fa,16,793.9,1530,2970,13221498.11,51.52,0.006,96.97
0d4c8269e7f0401201794deef160edd6,3,792.64,1531,2970,13221498.11,51.55,0.006,96.98
4ef4c39cf3c24f326434cf0b2e48046a,7,792.0,1532,2970,13221498.11,51.58,0.006,96.98
52956b80ae65fda598f06f6b9943e7a9,3,792.0,1533,2970,13221498.11,51.62,0.006,96.99
134b867a0f7f8bbe6abf10f91874891e,1,789.89,1534,2970,13221498.11,51.65,0.006,97.0
f9eedec3129e8cc6b6429c42d0808c5b,2,789.8,1535,2970,13221498.11,51.68,0.006,97.0
2305ab43e846518f58dd9d59f3f54e96,3,788.89,1536,2970,13221498.11,51.72,0.006,97.01
4c61e37f664c3c88aff092aa5ac779d7,7,788.31,1537,2970,13221498.11,51.75,0.006,97.01
3492e68f37fd1df87f4f2f2ea247f445,8,787.86,1538,2970,13221498.11,51.78,0.006,97.02
da03c298e3999e9d828591fc2179d109,4,787.7,1539,2970,13221498.11,51.82,0.006,97.03
1cbd50a8c52e6cf8e315c5709fab386f,9,785.97,1540,2970,13221498.11,51.85,0.006,97.03
9d681c7e12db302cb261e721040dde65,13,785.6,1541,2970,13221498.11,51.89,0.006,97.04
9535a841eecebed61a9fb1ac1cbb5597,2,784.9,1542,2970,13221498.11,51.92,0.006,97.04
de09d00cfc265b8804c7df34075a68fa,3,784.0,1543,2970,13221498.11,51.95,0.006,97.05
5f06030071324cc52bf0304014ac7234,4,783.96,1544,2970,13221498.11,51.99,0.006,97.06
6b9b80d53ba3676eafe60268a810b5a1,9,783.7,1545,2970,13221498.11,52.02,0.006,97.06
d4f117125b59ce73c3302f88ee40c458,17,783.29,1546,2970,13221498.11,52.05,0.006,97.07
ef30892870c278497523264be1be2241,9,783.2,1547,2970,13221498.11,52.09,0.006,97.07
52a52b9f656520e99716f5bc40f661c8,7,783.1,1548,2970,13221498.11,52.12,0.006,97.08
41c2bad7229b0c25e6becf179ebf63ff,20,782.0,1549,2970,13221498.11,52.15,0.006,97.08
11742f81550ac064cc9a40f67151d9ad,2,781.9,1550,2970,13221498.11,52.19,0.006,97.09
70bf57d811208f8923b41bbd499a67a4,7,780.8,1551,2970,13221498.11,52.22,0.006,97.1
e560e4022d8f7aebf155db95946c5c0f,2,780.0,1552,2970,13221498.11,52.26,0.006,97.1
cb6c9f5888a7a090c75beaf615925792,11,779.89,1553,2970,13221498.11,52.29,0.006,97.11
6524b847b982cd56bb5d4b02b776ee42,1,779.8,1554,2970,13221498.11,52.32,0.006,97.11
4deebb3199eeafb282ae33229144f94b,4,779.7,1555,2970,13221498.11,52.36,0.006,97.12
5a413ade68e8f8d93071a7f52a64cb9e,14,778.9,1556,2970,13221498.11,52.39,0.006,97.13
68f86ba270525243e68ae74044f992b9,10,777.5,1557,2970,13221498.11,52.42,0.006,97.13
d66c11a9572221d92fbb8c4897db5f9b,16,776.56,1558,2970,13221498.11,52.46,0.006,97.14
74636e24f01da9268b0ed88dacd8513e,4,776.0,1559,2970,13221498.11,52.49,0.006,97.14
5c3460cd3e8a984382ae254e7dd20d9f,9,775.76,1560,2970,13221498.11,52.53,0.006,97.15
d9442042130b7fe579d1295f9f4a248f,19,772.16,1561,2970,13221498.11,52.56,0.006,97.16
e644cbadf7eeb30d0d29f335ce7d52ec,7,768.91,1562,2970,13221498.11,52.59,0.006,97.16
0ff83046c3fa22efee8ecf291888b191,10,768.9,1563,2970,13221498.11,52.63,0.006,97.17
4a1917ef994878940e1fb03eeb787ad7,2,768.0,1564,2970,13221498.11,52.66,0.006,97.17
562f8cfc51f265411f487d07e9c40e7f,13,766.92,1565,2970,13221498.11,52.69,0.006,97.18
6f83d9e4da896daae20b9b6b2d3ff8d2,11,765.19,1566,2970,13221498.11,52.73,0.006,97.18
0b36063d5818f81ccb94b54adfaebbf5,1,765.0,1567,2970,13221498.11,52.76,0.006,97.19
5acd070dd3fe441bbb2ec1f1ede515ee,7,764.17,1568,2970,13221498.11,52.79,0.006,97.2
2063dd1b9f568df1c16741ea7d3e6adb,3,763.1,1569,2970,13221498.11,52.83,0.006,97.2
81783131d2a97c8d44d406a4be81b5d9,8,761.84,1570,2970,13221498.11,52.86,0.006,97.21
39c763cca83e654764b7a4a650fb9b7c,11,761.0,1571,2970,13221498.11,52.9,0.006,97.21
a56e351445e5863fc8960640ba9190c7,3,760.92,1572,2970,13221498.11,52.93,0.006,97.22
ca77545ca4d2dfd1431bf61334e2fa3c,6,760.0,1573,2970,13221498.11,52.96,0.006,97.22
7c51de0ab286204ce75ff42bf7c10d92,4,759.0,1574,2970,13221498.11,53.0,0.006,97.23
c1ed9e3daf6154542826a6996af0fb8c,8,757.5,1575,2970,13221498.11,53.03,0.006,97.24
458c6fa920810ce2492da71bc26d9eec,2,756.76,1576,2970,13221498.11,53.06,0.006,97.24
cf654707ed6a99f112c7ec3d6f314b8b,3,756.0,1577,2970,13221498.11,53.1,0.006,97.25
21c62b998a043ebe31161d38f84929fc,4,750.49,1578,2970,13221498.11,53.13,0.006,97.25
61c36f0fc4a47f9532e5512b66668e62,1,750.0,1579,2970,13221498.11,53.16,0.006,97.26
9dc79dd988ac42f4d56c340d7048420a,4,749.6,1580,2970,13221498.11,53.2,0.006,97.26
87d3c3aeb3ead335511b3ce315eb341e,15,749.35,1581,2970,13221498.11,53.23,0.006,97.27
fd435faa3c0422b60440ea3480d0e77c,1,749.0,1582,2970,13221498.11,53.27,0.006,97.28
191d55f7edb8524d525ed01b20fe32e8,3,747.0,1583,2970,13221498.11,53.3,0.006,97.28
c89cf7c468a48af70aada384e722f9e2,14,745.0,1584,2970,13221498.11,53.33,0.006,97.29
ba6ce6de456f6c11d08c17701ba5c26f,6,744.35,1585,2970,13221498.11,53.37,0.006,97.29
e8a85b5f3df47be0984c55fd4064dbb4,8,743.0,1586,2970,13221498.11,53.4,0.006,97.3
6e864f5c4669eff3d98140a07cc50202,13,740.59,1587,2970,13221498.11,53.43,0.006,97.3
2ba91c7ad80ff88b23b7db823b43c233,6,740.4,1588,2970,13221498.11,53.47,0.006,97.31
5bba18b40e8c973b0f32e748004775b0,1,739.98,1589,2970,13221498.11,53.5,0.006,97.32
8a40ae794fa3f9892cee24bd5af0488b,6,739.85,1590,2970,13221498.11,53.54,0.006,97.32
ba6b68b55fe8704377a7d43c8e5c0185,5,739.77,1591,2970,13221498.11,53.57,0.006,97.33
6bb62a4912377c7bfe7cb17b406bc7e6,4,739.52,1592,2970,13221498.11,53.6,0.006,97.33
8c91bfea4263b8fba54081460693e2a1,2,739.0,1593,2970,13221498.11,53.64,0.006,97.34
e73bf2cea7fe4b0b4d287a7568ed1099,4,737.7,1594,2970,13221498.11,53.67,0.006,97.34
4200ddf1967c5e41e48db62bc6d4b5ac,22,734.8,1595,2970,13221498.11,53.7,0.006,97.35
56db5c0782e8f7ddc9343f9576ff6d16,2,734.8,1596,2970,13221498.11,53.74,0.006,97.35
33cbbec1e7e1044aaf11d152172c776f,15,730.67,1597,2970,13221498.11,53.77,0.006,97.36
014d9a685fd57276679edd00e07089e5,11,729.88,1598,2970,13221498.11,53.8,0.006,97.37
7210cd29727d674c00741e5e387b3ccd,9,729.09,1599,2970,13221498.11,53.84,0.006,97.37
8b87cd0d43d49b9bdf40f56229364d59,2,729.0,1600,2970,13221498.11,53.87,0.006,97.38
da6a60cc8cc724fe51be021ff8be779c,12,728.79,1601,2970,13221498.11,53.91,0.006,97.38
aac51c486b672a9850d59f3e84b1cf88,10,728.28,1602,2970,13221498.11,53.94,0.006,97.39
d29ba1220fb8634fa3a107e54497b8a4,9,724.94,1603,2970,13221498.11,53.97,0.005,97.39
fe1bbc5feda5c8979a8a1b3b2512d5a6,9,724.72,1604,2970,13221498.11,54.01,0.005,97.4
6d22a1fcebb6dd08c9cd90b92a93e8d0,12,723.7,1605,2970,13221498.11,54.04,0.005,97.4
d9e7e7778b32987280a6f2cb9a39c57d,11,722.5,1606,2970,13221498.11,54.07,0.005,97.41
07d75e33f2750d97d467fb57e4dfdd8a,2,722.4,1607,2970,13221498.11,54.11,0.005,97.41
c8cc60ffd415254af5d9b9f34f32c369,8,722.2,1608,2970,13221498.11,54.14,0.005,97.42
b16d3dadc47d4eb18be3d88bad0775ce,10,722.1,1609,2970,13221498.11,54.18,0.005,97.43
94231344608e603693b0a8891143f65d,3,722.0,1610,2970,13221498.11,54.21,0.005,97.43
d79e8478eed9999493990b44955fb22e,5,721.89,1611,2970,13221498.11,54.24,0.005,97.44
07de60b03d150fb3ea09eab5da5e4c8b,9,719.1,1612,2970,13221498.11,54.28,0.005,97.44
75a4764c108403a7a0575140cb22287c,5,716.9,1613,2970,13221498.11,54.31,0.005,97.45
ac6417315ae5da8f9a38ee11de6f7780,7,716.4,1614,2970,13221498.11,54.34,0.005,97.45
808d4348b916efa08e766ebad39f61eb,20,712.95,1615,2970,13221498.11,54.38,0.005,97.46
d558ebe531605a1285ab2b1bc3256dfb,3,709.0,1616,2970,13221498.11,54.41,0.005,97.46
024b564ae893ce8e9bfa02c10a401ece,2,706.4,1617,2970,13221498.11,54.44,0.005,97.47
18e694e0e48ed6f7aa3f24aade5fd697,31,701.54,1618,2970,13221498.11,54.48,0.005,97.47
39d61be7a92eb77b7da367bd4845bc0e,7,700.59,1619,2970,13221498.11,54.51,0.005,97.48
3ef37b7ca6dd2b80bd8af81a62504996,2,700.0,1620,2970,13221498.11,54.55,0.005,97.48
ac51cac5e20d69ff485a54746488ef48,3,700.0,1621,2970,13221498.11,54.58,0.005,97.49
328acb143b4a73aad6bee8e734f5d20d,2,699.98,1622,2970,13221498.11,54.61,0.005,97.5
1b4b28463457a256e9a784ebe2a8f630,1,699.42,1623,2970,13221498.11,54.65,0.005,97.5
59cea8e446d3834393058e7e0666b6fb,10,696.6,1624,2970,13221498.11,54.68,0.005,97.51
0d83f8e03188682112cc0d93523705cc,4,696.26,1625,2970,13221498.11,54.71,0.005,97.51
fac35d150712afb921ec59ac5f39bb11,5,696.0,1626,2970,13221498.11,54.75,0.005,97.52
05a940b4ecae36cadfd8e93bd9c43257,9,695.1,1627,2970,13221498.11,54.78,0.005,97.52
052577151711aec5c744fe12e66db3e1,1,687.0,1628,2970,13221498.11,54.81,0.005,97.53
2dd1fb6f0e42a2243b8a01e40cd41216,3,686.89,1629,2970,13221498.11,54.85,0.005,97.53
b4b447d715f9ab302a188fb43d3e96b3,5,685.93,1630,2970,13221498.11,54.88,0.005,97.54
b2c97074649f92197d9387d9033dda5f,10,684.71,1631,2970,13221498.11,54.92,0.005,97.54
4e6015589b781adaa5ce7f1892d06bb1,3,684.0,1632,2970,13221498.11,54.95,0.005,97.55
2fb25ab44bdbeae6a4d816e0d0c9d500,5,683.08,1633,2970,13221498.11,54.98,0.005,97.55
9aa388272ee334b6ae07bc73706e254a,6,678.0,1634,2970,13221498.11,55.02,0.005,97.56
d9cd369bffa979d1634f8e1318bf2f1b,3,678.0,1635,2970,13221498.11,55.05,0.005,97.56
89a51f50b8095ea78d5768f34c13a76f,10,677.16,1636,2970,13221498.11,55.08,0.005,97.57
a513150f33f99a06569e9cd5c4bb889b,2,677.0,1637,2970,13221498.11,55.12,0.005,97.57
3d5d0dc7073a299e31fa718ce1bc00b6,21,674.8,1638,2970,13221498.11,55.15,0.005,97.58
5962468f885ea01a1b6a97a218797b0a,6,674.0,1639,2970,13221498.11,55.19,0.005,97.58
6861de0f40cacb0602e473c51639f980,5,674.0,1640,2970,13221498.11,55.22,0.005,97.59
c6218512d16fcac0af02fe92691cf274,8,674.0,1641,2970,13221498.11,55.25,0.005,97.59
e21a1e8be4715b0fcfd5385643bc49c4,20,673.7,1642,2970,13221498.11,55.29,0.005,97.6
7354220fb240bde543b3c40c060d41e7,7,672.0,1643,2970,13221498.11,55.32,0.005,97.6
e4ebd3f87bf70440014f07ddda7fbe03,7,671.5,1644,2970,13221498.11,55.35,0.005,97.61
6e1862e15f33d9994bc25922a85e1efc,7,668.49,1645,2970,13221498.11,55.39,0.005,97.61
0a85ebe4e328db81ac9109781205e2f7,12,667.9,1646,2970,13221498.11,55.42,0.005,97.62
6824a69c9ea0313eba299dd4a2dba09a,6,666.9,1647,2970,13221498.11,55.45,0.005,97.62
5f7300535881cef3b625fd683cf7d145,10,665.98,1648,2970,13221498.11,55.49,0.005,97.63
55c26bcb609f480eb7868594245febb5,6,664.4,1649,2970,13221498.11,55.52,0.005,97.63
bdae679a9b282249bc23b9b69dae9a99,6,663.15,1650,2970,13221498.11,55.56,0.005,97.64
49383af7ab774e4e8f3000f49c83dc4b,8,660.0,1651,2970,13221498.11,55.59,0.005,97.64
8d46553a36e68f95350a200c12f8f2e2,9,660.0,1652,2970,13221498.11,55.62,0.005,97.65
c7fdb77fdbff3c41981bc52f787e959e,9,658.48,1653,2970,13221498.11,55.66,0.005,97.65
1961c3e1272bfeceb05d0b78b5bbfdaf,2,657.0,1654,2970,13221498.11,55.69,0.005,97.66
b0398568231ba5e6734af1881671a317,4,656.77,1655,2970,13221498.11,55.72,0.005,97.66
c447f8dd3ed213f291d65ef074a268eb,7,655.0,1656,2970,13221498.11,55.76,0.005,97.67
80f2cf9abf6b5a0e5c612b5eea6646e6,6,654.08,1657,2970,13221498.11,55.79,0.005,97.67
cd3d09fbe6e3e9ff0c0ac0c300e93ae7,12,651.04,1658,2970,13221498.11,55.82,0.005,97.68
5d043cd5512d4bd2f88e5ccdd5736c38,1,650.0,1659,2970,13221498.11,55.86,0.005,97.68
43402bdf22aa2310e8f99e2f94f78628,4,649.95,1660,2970,13221498.11,55.89,0.005,97.69
c522be04e020c1e7b79f3acff36513d5,6,649.94,1661,2970,13221498.11,55.93,0.005,97.69
f435898e493ba0356019a0b1cb8b55b1,10,649.76,1662,2970,13221498.11,55.96,0.005,97.7
236585a4ddb5fea9fa40233e2249ed91,11,649.53,1663,2970,13221498.11,55.99,0.005,97.7
54aa8463e87776b5612f4bdc4bd5d4de,7,649.3,1664,2970,13221498.11,56.03,0.005,97.71
9cad4b68bb993ee401a3c5aaa2bc26dd,5,649.3,1665,2970,13221498.11,56.06,0.005,97.71
95b293867b5862941c9cd74f756a3c68,9,648.1,1666,2970,13221498.11,56.09,0.005,97.72
b26741d31a563d769b4af0465ab20c56,2,648.0,1667,2970,13221498.11,56.13,0.005,97.72
72c38a04bd6a1c3dbc5298425a0db86d,4,647.3,1668,2970,13221498.11,56.16,0.005,97.73
2aa3443d7bf9d9bb11133f420d75e083,10,647.0,1669,2970,13221498.11,56.2,0.005,97.73
13f57c12a00ed4610db646b913a7f5c6,7,645.2,1670,2970,13221498.11,56.23,0.005,97.74
8d899e15a5925f097cca50faa49b15e3,4,645.0,1671,2970,13221498.11,56.26,0.005,97.74
ad273c9eb54ecb4532de4bf75bae9e4e,10,645.0,1672,2970,13221498.11,56.3,0.005,97.75
f3295428338a40977a03f555246a70f4,7,644.98,1673,2970,13221498.11,56.33,0.005,97.75
bd1d49a326abfa9b1036772e40445430,12,637.7,1674,2970,13221498.11,56.36,0.005,97.76
7a91bf945c6fae0779f1c61ce97fe45c,4,634.6,1675,2970,13221498.11,56.4,0.005,97.76
7b98de631987e26dd6d803490c43a13c,8,634.2,1676,2970,13221498.11,56.43,0.005,97.77
1430239a858e7682bbc43b20758af153,17,633.99,1677,2970,13221498.11,56.46,0.005,97.77
be8e909810184b9b19e886129149d8e5,15,629.85,1678,2970,13221498.11,56.5,0.005,97.78
685b870da5b52a710782c9c0fefbeb5b,2,627.0,1679,2970,13221498.11,56.53,0.005,97.78
8759e7aedd644f487315e5860962f162,3,627.0,1680,2970,13221498.11,56.57,0.005,97.79
0570350b23eda5444f8d1d9544932058,6,626.9,1681,2970,13221498.11,56.6,0.005,97.79
2f09f7d37a97956d11cc1a7cadd5262b,7,625.0,1682,2970,13221498.11,56.63,0.005,97.8
6cf476a4ca74498db55cbccdaa9dcfb6,5,624.94,1683,2970,13221498.11,56.67,0.005,97.8
a2deecd5398f5df4987110c80a1972a3,13,623.81,1684,2970,13221498.11,56.7,0.005,97.8
d8cf3b6a2151949f930d0252b180ec42,6,623.7,1685,2970,13221498.11,56.73,0.005,97.81
ab3e0c171fe84a7ba7de130f19cfb485,6,623.45,1686,2970,13221498.11,56.77,0.005,97.81
bfd938b22bc99bce1ae60dc602889f52,4,623.4,1687,2970,13221498.11,56.8,0.005,97.82
3969863bb8af7f72580b3b1ffd3a17b3,12,623.15,1688,2970,13221498.11,56.84,0.005,97.82
26bad72add1f86e08a776ce4ffdaf1ca,7,622.0,1689,2970,13221498.11,56.87,0.005,97.83
b5bb2b985208834bd5bd86c7a402bbad,2,621.06,1690,2970,13221498.11,56.9,0.005,97.83
6b15924333bd1a741595fe981ea04822,21,614.32,1691,2970,13221498.11,56.94,0.005,97.84
1d29dfba02015238dfbe2449a5eaa361,12,612.8,1692,2970,13221498.11,56.97,0.005,97.84
b44dbfbf62e52125f3c15d230569ea91,4,609.37,1693,2970,13221498.11,57.0,0.005,97.85
3d3ccf2b2f8134b10dce9dd446f0e075,3,608.6,1694,2970,13221498.11,57.04,0.005,97.85
c6a7539d424a8402232c2228d7a03c5e,10,607.5,1695,2970,13221498.11,57.07,0.005,97.86
525e75a6fb1454a2325ab1734bcec221,9,607.17,1696,2970,13221498.11,57.1,0.005,97.86
2059c39f76271d4ca3f15b5ffaccc8b8,12,604.9,1697,2970,13221498.11,57.14,0.005,97.87
aae5e7b457a3c72ee230a47d98fceda5,5,604.8,1698,2970,13221498.11,57.17,0.005,97.87
eddd1991bd6d9309995a480c39b95137,2,601.0,1699,2970,13221498.11,57.21,0.005,97.87
5a6a02f419701fc8c605af71d4fc57a4,10,600.5,1700,2970,13221498.11,57.24,0.005,97.88
1588ac4010787100dddef64568f0ae35,3,599.97,1701,2970,13221498.11,57.27,0.005,97.88
8e29d051f810eb22959ede205b462b9f,2,599.8,1702,2970,13221498.11,57.31,0.005,97.89
68ca56ce86830f3d31b1b7ec6a54da3e,5,599.69,1703,2970,13221498.11,57.34,0.005,97.89
3be5841cdcc46de4ed3f9116f104b2c5,4,599.6,1704,2970,13221498.11,57.37,0.005,97.9
53336f97ddbe53e2a617d07b17447b95,1,599.5,1705,2970,13221498.11,57.41,0.005,97.9
262237171f48e85819065498cac80d7b,4,599.0,1706,2970,13221498.11,57.44,0.005,97.91
d0d70d21e2234dd7cd3cf63fe414148a,8,598.4,1707,2970,13221498.11,57.47,0.005,97.91
38e6dada03429a47197d5d584d793b41,7,596.14,1708,2970,13221498.11,57.51,0.005,97.92
11938fcc75f6902fea1d0a6f72b54a57,2,594.98,1709,2970,13221498.11,57.54,0.005,97.92
8c0de775f52fe41590b376a3b7c50f68,8,594.8,1710,2970,13221498.11,57.58,0.004,97.92
3d68c634a99a1ba46dbca3967a69c623,2,594.0,1711,2970,13221498.11,57.61,0.004,97.93
6e0908ef4d4efadbc3cc2b74ea477cb0,8,589.45,1712,2970,13221498.11,57.64,0.004,97.93
8a87611c08849ffeeccab52aa798b6c7,6,587.9,1713,2970,13221498.11,57.68,0.004,97.94
768a86e36ad6aae3d03ee3c6433d61df,17,587.46,1714,2970,13221498.11,57.71,0.004,97.94
6e4a902d1054e4e17aa6eab87fac1c75,7,586.57,1715,2970,13221498.11,57.74,0.004,97.95
b274baf5bbd142410eb2958cf685d684,7,585.9,1716,2970,13221498.11,57.78,0.004,97.95
bf961104a38e01b9062ee026bb657dee,4,585.56,1717,2970,13221498.11,57.81,0.004,97.96
851773c885feb5e2da3b4f82bc2b17ce,10,585.3,1718,2970,13221498.11,57.85,0.004,97.96
70b52a4cfc823994561b00bad161b4ed,8,585.0,1719,2970,13221498.11,57.88,0.004,97.96
71271995e85f5b8530be99ed54a91b89,6,582.0,1720,2970,13221498.11,57.91,0.004,97.97
83353a83fd769dfafa4f21a72b15e3e5,5,579.5,1721,2970,13221498.11,57.95,0.004,97.97
be3b4b0f050a6aa1b2d901c4b77e979f,3,578.2,1722,2970,13221498.11,57.98,0.004,97.98
f524ad65d7e0f1daab730ef2d2e86196,1,578.0,1723,2970,13221498.11,58.01,0.004,97.98
01c97ebb5cdac52891c0ed1c37ba0012,9,577.5,1724,2970,13221498.11,58.05,0.004,97.99
5ef131ac72773e5b3f6c0d63cf424657,10,575.79,1725,2970,13221498.11,58.08,0.004,97.99
ed8cb7b190ceb6067227478e48cf8dde,15,573.5,1726,2970,13221498.11,58.11,0.004,97.99
26af45f5dfd967225a832838aa4e24a3,10,573.1,1727,2970,13221498.11,58.15,0.004,98.0
4e326052e5dbba8adcd512f3450a307e,3,570.0,1728,2970,13221498.11,58.18,0.004,98.0
9599519be538b98748162a2b48248960,1,570.0,1729,2970,13221498.11,58.22,0.004,98.01
a35ef466c6fd6d052f5d241240d3c5e2,3,569.9,1730,2970,13221498.11,58.25,0.004,98.01
3f9be91358837bff69df67edfa3e42e8,7,569.7,1731,2970,13221498.11,58.28,0.004,98.02
a254c682cc01e119f83530446f1df9a9,6,569.4,1732,2970,13221498.11,58.32,0.004,98.02
cd2169d9f31ff6fbb9ca3373b0c9e354,1,569.0,1733,2970,13221498.11,58.35,0.004,98.03
73b8eb4a9a729d4019b24ed1be748cbf,7,568.9,1734,2970,13221498.11,58.38,0.004,98.03
4170f6a9367e6b5d6401d03ce6d54569,4,568.78,1735,2970,13221498.11,58.42,0.004,98.03
89ad3263c0931c47f976d7c5778e60f6,6,568.2,1736,2970,13221498.11,58.45,0.004,98.04
f52c2422904463fdd7741f99045fecb6,12,567.79,1737,2970,13221498.11,58.48,0.004,98.04
b7ed9fb14c8eadb37adb9c45d67ab0fb,7,566.0,1738,2970,13221498.11,58.52,0.004,98.05
2f74af7a0ee5636f12c2336f9fffed47,13,560.7,1739,2970,13221498.11,58.55,0.004,98.05
5f5a58930c3c35f3b5af264f34fb8c85,3,560.0,1740,2970,13221498.11,58.59,0.004,98.06
b12cfd255810394b60caef18ae163547,2,560.0,1741,2970,13221498.11,58.62,0.004,98.06
c33a5c3c983090c8b78a28e65052a20d,8,559.2,1742,2970,13221498.11,58.65,0.004,98.06
820c7c9eaf76d2b226b6c242bcf3f34d,1,559.0,1743,2970,13221498.11,58.69,0.004,98.07
35b96509602ec4b7da831b5cd73ff2c2,2,558.9,1744,2970,13221498.11,58.72,0.004,98.07
6eeed17989b0ae47c9f11ece6f38ea90,3,557.0,1745,2970,13221498.11,58.75,0.004,98.08
8a207b6080964f3c1fc9d35bd6096ba4,2,553.7,1746,2970,13221498.11,58.79,0.004,98.08
385799a1cddbd26dfeb9157356a42282,4,551.94,1747,2970,13221498.11,58.82,0.004,98.08
74871d19219c7d518d0090283e03c137,6,550.04,1748,2970,13221498.11,58.86,0.004,98.09
eb9cd5b35d95206585e2185318cb5c61,2,550.0,1749,2970,13221498.11,58.89,0.004,98.09
bb2afe2061d53c6968aa0cffa233a8ec,5,549.4,1750,2970,13221498.11,58.92,0.004,98.1
e433f5fd4050e3352b5d83522b7fe24b,1,548.06,1751,2970,13221498.11,58.96,0.004,98.1
0d33a55da925bbf1ff02af5f6059fc7f,22,547.3,1752,2970,13221498.11,58.99,0.004,98.11
6c99c983ce3b6ba0ab813e6790e81691,9,546.75,1753,2970,13221498.11,59.02,0.004,98.11
9c1c0c36cd23c20897e473901a8fb149,6,544.97,1754,2970,13221498.11,59.06,0.004,98.11
af7cdac9d9897cddead9c6b08976c642,6,543.54,1755,2970,13221498.11,59.09,0.004,98.12
4cc4fd4fdd406a85bbdc1f824b731bd7,1,539.98,1756,2970,13221498.11,59.12,0.004,98.12
228e4c1a0be164f613d41c24345f9d2c,5,539.7,1757,2970,13221498.11,59.16,0.004,98.13
d94ba08b99bedd6a5f6c875ecc4a6fac,8,539.1,1758,2970,13221498.11,59.19,0.004,98.13
6c17baf138731a4aaacc3210adf2037b,4,538.8,1759,2970,13221498.11,59.23,0.004,98.13
08d1c9478fb0d7d7fcac9c0da4e82fc7,1,538.0,1760,2970,13221498.11,59.26,0.004,98.14
ff314fa6033cc68ec451c47aee2d6ba4,2,537.9,1761,2970,13221498.11,59.29,0.004,98.14
1fe61aa5494bd3ae92a2c13e067c810f,1,537.76,1762,2970,13221498.11,59.33,0.004,98.15
638cba8be1fb599bbb76fd6948351eb3,16,535.4,1763,2970,13221498.11,59.36,0.004,98.15
cb9fb4ca75d7ba8437480e8dde64fe98,10,532.14,1764,2970,13221498.11,59.39,0.004,98.15
1f7fd2a6fcd5a6fa5d8a4dabc72aaae0,3,531.8,1765,2970,13221498.11,59.43,0.004,98.16
4342d4b2ba6b161468c63a7e7cfce593,2,528.9,1766,2970,13221498.11,59.46,0.004,98.16
2e7ea2aafec5835e781b21d6d1faf1f1,7,528.4,1767,2970,13221498.11,59.49,0.004,98.17
6879c4d287a8dd06b11f54ea8f78e4da,6,527.67,1768,2970,13221498.11,59.53,0.004,98.17
979e9f8b5b39dd243a2550c8b05aecf0,3,525.0,1769,2970,13221498.11,59.56,0.004,98.17
3968920b9aa752ab98f7d5888c9252f2,8,523.3,1770,2970,13221498.11,59.6,0.004,98.18
02b72cdeb9cfcc429f1af6f4e3f3b737,4,522.65,1771,2970,13221498.11,59.63,0.004,98.18
6e13dd869aa7185f601c941423abcc8f,5,522.0,1772,2970,13221498.11,59.66,0.004,98.19
c026ef0d72e9132d9fa112308090c8dc,1,520.0,1773,2970,13221498.11,59.7,0.004,98.19
fc59392d66ef99377e50356ee4f3b4e1,5,519.99,1774,2970,13221498.11,59.73,0.004,98.19
f9ec7093df3a7b346b7bcf7864069ca3,9,519.2,1775,2970,13221498.11,59.76,0.004,98.2
d197aa8fbc64087f61984deef05f6227,6,519.09,1776,2970,13221498.11,59.8,0.004,98.2
ff4e2d38692ce827b1a4f4b8196e680d,11,518.9,1777,2970,13221498.11,59.83,0.004,98.21
a7dc4098e4da6e41b426269d12ae7e91,2,518.0,1778,2970,13221498.11,59.87,0.004,98.21
3296662b1331dea51e744505065ae889,1,517.8,1779,2970,13221498.11,59.9,0.004,98.21
7e79d65b5c6f1f544b7daea036acf720,4,517.8,1780,2970,13221498.11,59.93,0.004,98.22
9e6967d3cf386d284251784b18ccb485,9,517.67,1781,2970,13221498.11,59.97,0.004,98.22
64cc804291f90c81f02bfc2bb58ff55a,2,517.6,1782,2970,13221498.11,60.0,0.004,98.23
1d503743d2526f03f0c2c89540ee008c,12,516.04,1783,2970,13221498.11,60.03,0.004,98.23
b87a7ea0c30fad2dd6781b74a0064859,9,515.4,1784,2970,13221498.11,60.07,0.004,98.23
a06c8ff043abea0528ee44171e2140a2,8,514.5,1785,2970,13221498.11,60.1,0.004,98.24
c157bdeedcbc9a8e3c8bf0d87ff24428,7,514.27,1786,2970,13221498.11,60.13,0.004,98.24
312ba1d77e9c332ef21f9598b7f64cd7,7,513.0,1787,2970,13221498.11,60.17,0.004,98.24
4a82168aaef173cbb6e46ae88728f919,4,512.0,1788,2970,13221498.11,60.2,0.004,98.25
2b2fed75b8e5ea3a052fc4c0825da485,3,510.9,1789,2970,13221498.11,60.24,0.004,98.25
c3aad7dc65449ae90a5e9c3c6c1e78e0,6,510.0,1790,2970,13221498.11,60.27,0.004,98.26
c53bcd3be457a342a97e39e5a9f0be22,5,509.5,1791,2970,13221498.11,60.3,0.004,98.26
4be6b962d83299498bae2190f95d6566,11,508.8,1792,2970,13221498.11,60.34,0.004,98.26
e6a69c4a27dfdd98ffe5aa757ad744bc,21,508.51,1793,2970,13221498.11,60.37,0.004,98.27
33cbda8716511e27e556dff9d8418bf2,5,507.4,1794,2970,13221498.11,60.4,0.004,98.27
5e49e3a44bdeb5aab2684258bbd4f525,3,507.0,1795,2970,13221498.11,60.44,0.004,98.28
3ea00e1dea2b0659dbaf654735929220,7,505.0,1796,2970,13221498.11,60.47,0.004,98.28
2493dc3f20131696a0ecdb9948051a8d,4,504.38,1797,2970,13221498.11,60.51,0.004,98.28
20a7efa9721046319bdde5d60b6b5365,3,501.2,1798,2970,13221498.11,60.54,0.004,98.29
39a5005f2605cbdb4f9ac14485cabfd1,3,501.07,1799,2970,13221498.11,60.57,0.004,98.29
97e995629983723d11830a829bc2b246,5,499.5,1800,2970,13221498.11,60.61,0.004,98.29
13c2ed7698b3ca92dad49e849219da59,8,498.61,1801,2970,13221498.11,60.64,0.004,98.3
265fdc289dffa9f1ad801c74f7d0de47,1,495.0,1802,2970,13221498.11,60.67,0.004,98.3
ccbd753e6863fe7314dc6c0ca5a074e7,1,495.0,1803,2970,13221498.11,60.71,0.004,98.31
e59e489e2ea74bd409b798b5daf49de3,3,495.0,1804,2970,13221498.11,60.74,0.004,98.31
c458e2045a8aa8964f8879af03fdcce6,4,494.91,1805,2970,13221498.11,60.77,0.004,98.31
fcba71d4d5db057f43249145e4eb1e27,3,494.55,1806,2970,13221498.11,60.81,0.004,98.32
0951a6e282947e09cd47969f4ed0b47f,7,492.3,1807,2970,13221498.11,60.84,0.004,98.32
c84592044b180dec206770c38603814b,14,491.94,1808,2970,13221498.11,60.88,0.004,98.32
e601b04acf48b4576e73ddca9481f0dc,15,491.94,1809,2970,13221498.11,60.91,0.004,98.33
340636a908b13bbe0f4fb63fbe1d0c03,3,490.5,1810,2970,13221498.11,60.94,0.004,98.33
b9c0ffa92f3ff9a5a3d45ef7213c0842,3,490.0,1811,2970,13221498.11,60.98,0.004,98.34
48fb026ed7455a42f5d3e9390ed5088e,9,489.73,1812,2970,13221498.11,61.01,0.004,98.34
7816cd9c5b1238e320545f5bf7eb80e8,1,489.0,1813,2970,13221498.11,61.04,0.004,98.34
f88adb15807168d3c43d71021090ce4a,3,488.8,1814,2970,13221498.11,61.08,0.004,98.35
09bad886111255c5b5030314fc7f1a4a,5,487.5,1815,2970,13221498.11,61.11,0.004,98.35
83a75eea11694e36e56dd0cb2240229a,3,487.0,1816,2970,13221498.11,61.14,0.004,98.35
c7a0a13cbcf29d5ce51c8f80afdc0b89,8,483.08,1817,2970,13221498.11,61.18,0.004,98.36
c1f12f926d0ba950578b4fa41115cbb6,2,479.6,1818,2970,13221498.11,61.21,0.004,98.36
0c7f30ae9b147eca07affbef92832a6a,5,479.5,1819,2970,13221498.11,61.25,0.004,98.37
32fdd5d44ecb43dfd6a24b9369eca144,8,479.2,1820,2970,13221498.11,61.28,0.004,98.37
25be943a321c8938947bdaabca979a90,3,479.0,1821,2970,13221498.11,61.31,0.004,98.37
bac692d6c0ed08467878018e6cc9c26c,1,477.0,1822,2970,13221498.11,61.35,0.004,98.38
f1198c871e0171278b63f40d112caeec,2,475.8,1823,2970,13221498.11,61.38,0.004,98.38
29e6e05b65f93bc224c644319dc52ecf,4,475.6,1824,2970,13221498.11,61.41,0.004,98.38
7402d13c03a7e91366337cd1de471144,3,473.89,1825,2970,13221498.11,61.45,0.004,98.39
e1b12447a7563944843191754aeb5562,9,472.46,1826,2970,13221498.11,61.48,0.004,98.39
e3dd723429d1b23614b7fa85e2c7a853,7,471.05,1827,2970,13221498.11,61.52,0.004,98.39
270d3ef21830ad0ecf3a6c53d08a533a,5,471.0,1828,2970,13221498.11,61.55,0.004,98.4
2953ce3a88f5e3c3b696d77fc9e4c8eb,14,470.0,1829,2970,13221498.11,61.58,0.004,98.4
b0b346d3a89f5eb4c2968af3f083cd43,9,469.0,1830,2970,13221498.11,61.62,0.004,98.4
8fec2e460530482132c436cfb5439925,3,468.46,1831,2970,13221498.11,61.65,0.004,98.41
038b75b729c8a9a04b0d07cba7eabe86,2,467.0,1832,2970,13221498.11,61.68,0.004,98.41
c42fd8e4d47dfb18ce5222f2dd7752f9,7,466.99,1833,2970,13221498.11,61.72,0.004,98.42
9fc70243fb26800cba56e8f014797004,6,466.6,1834,2970,13221498.11,61.75,0.004,98.42
feb793c88d836c3a75efa4b5a3465d70,1,466.0,1835,2970,13221498.11,61.78,0.004,98.42
ee2fbacc2fc3794e656cc4d933d59ce7,2,464.97,1836,2970,13221498.11,61.82,0.004,98.43
651fe66032c9520ee5587f694908040d,7,464.0,1837,2970,13221498.11,61.85,0.004,98.43
0a82f5fb06a4fe4ac2cf7cb412ec71b8,2,462.0,1838,2970,13221498.11,61.89,0.003,98.43
cb0b3bcf14e0a709df412a99424a59d7,2,460.0,1839,2970,13221498.11,61.92,0.003,98.44
aec99834ab5d38ead22766ada8497e87,1,459.0,1840,2970,13221498.11,61.95,0.003,98.44
8b2d4ab22f42c5cfc338b846decfda60,6,458.0,1841,2970,13221498.11,61.99,0.003,98.44
dd88d13bea9e4c2bf47daf224f8141e5,1,458.0,1842,2970,13221498.11,62.02,0.003,98.45
e546117ed9cafbc40239c0c78635c584,2,456.0,1843,2970,13221498.11,62.05,0.003,98.45
117cfc326c6d50da67ca858ff5c0c852,5,454.6,1844,2970,13221498.11,62.09,0.003,98.45
35857757f553273b1056c1cabdace7fb,6,454.6,1845,2970,13221498.11,62.12,0.003,98.46
b248792ac0b60ec3f93d80af1b4fae47,7,454.5,1846,2970,13221498.11,62.15,0.003,98.46
55029529919c0123526150bd26ca8f20,7,453.95,1847,2970,13221498.11,62.19,0.003,98.46
fc4751cfe3b279c419615b9b00c1abb4,1,453.7,1848,2970,13221498.11,62.22,0.003,98.47
7994b065a7ffb14e71c6312cf87b9de2,5,453.0,1849,2970,13221498.11,62.26,0.003,98.47
e5899683388855d3dabe8913bbe365de,3,452.88,1850,2970,13221498.11,62.29,0.003,98.47
b7cc6c5e001441ae8cdd5c69a480cbe4,5,452.8,1851,2970,13221498.11,62.32,0.003,98.48
777a0c55737f34ffeb78010f7542ab41,6,452.5,1852,2970,13221498.11,62.36,0.003,98.48
eb5b6204dde3a6e03b5f1bb8479f055b,19,452.2,1853,2970,13221498.11,62.39,0.003,98.48
08f5819815f3d06545011850bd70f0a8,3,452.0,1854,2970,13221498.11,62.42,0.003,98.49
4de6e4ba574aa9dfdc824bc44dc47fdd,14,451.1,1855,2970,13221498.11,62.46,0.003,98.49
101a3a003516bc11253298b2fad3cb65,5,450.0,1856,2970,13221498.11,62.49,0.003,98.49
968ee78631915a63fef426d6733d7422,2,450.0,1857,2970,13221498.11,62.53,0.003,98.5
d90fe2229fee1a5da999ccd0c06c1667,3,450.0,1858,2970,13221498.11,62.56,0.003,98.5
3d4824f20035949c710eaf111f869d39,8,449.97,1859,2970,13221498.11,62.59,0.003,98.5
bbaff50f3b708fda865918715276cd87,12,449.7,1860,2970,13221498.11,62.63,0.003,98.51
a11a0e0ca67423425691db355cff69b0,2,448.9,1861,2970,13221498.11,62.66,0.003,98.51
3d0cd21d41671c46f82cd11176bf7277,9,447.8,1862,2970,13221498.11,62.69,0.003,98.51
5e106d93b717c2682b9383da480364a1,1,445.9,1863,2970,13221498.11,62.73,0.003,98.52
a5bff0f43eb51f0cad7c37fac7244c8a,4,445.0,1864,2970,13221498.11,62.76,0.003,98.52
b3f19518fcec265b2e97af287725f981,8,444.92,1865,2970,13221498.11,62.79,0.003,98.53
768de2a4fc06aacecb9a586ccc30746a,13,442.7,1866,2970,13221498.11,62.83,0.003,98.53
f22a247b79dd22ecd91dc8e3b2a1b07c,8,439.94,1867,2970,13221498.11,62.86,0.003,98.53
64c9a1db4e73e19aaafd3286dc448c96,1,439.0,1868,2970,13221498.11,62.9,0.003,98.54
c3251e13f1bbda6c74e37c160f991e19,2,437.8,1869,2970,13221498.11,62.93,0.003,98.54
b29d3380981c51df13fc6fbe87e1763d,6,435.3,1870,2970,13221498.11,62.96,0.003,98.54
98115075dd26cb8835946fc6086f5d30,4,434.96,1871,2970,13221498.11,63.0,0.003,98.54
26d6bbee02420494d471c9f6436929c0,12,434.51,1872,2970,13221498.11,63.03,0.003,98.55
d4e4b5192cba4e0e66eb12a9d347239d,11,431.9,1873,2970,13221498.11,63.06,0.003,98.55
bc503e244f187939d10c92a5c8e378ce,6,430.31,1874,2970,13221498.11,63.1,0.003,98.55
4e480be820e37de1444325ff358c9296,1,430.3,1875,2970,13221498.11,63.13,0.003,98.56
8bd0e3abda539b9479c4b44a691be1ec,6,425.75,1876,2970,13221498.11,63.16,0.003,98.56
2c3d56f92f360fb89d849b84e8f50eae,7,425.1,1877,2970,13221498.11,63.2,0.003,98.56
939e6227d6964a11a70aa91243e418f2,4,425.0,1878,2970,13221498.11,63.23,0.003,98.57
a45314082d50d578a4721c9787ce09ab,2,424.9,1879,2970,13221498.11,63.27,0.003,98.57
dc50afafdfa325eadc890c7fa42a8f4e,4,424.2,1880,2970,13221498.11,63.3,0.003,98.57
b080809eaacb49e5ca07290981472431,11,424.0,1881,2970,13221498.11,63.33,0.003,98.58
acf974e4d5950ad143a247471b831eb9,5,423.8,1882,2970,13221498.11,63.37,0.003,98.58
41e0fa5761c886a630994a55c12087e7,5,423.6,1883,2970,13221498.11,63.4,0.003,98.58
7c1fea10b5b006671d608b1d7c446ec4,14,423.6,1884,2970,13221498.11,63.43,0.003,98.59
5dc203c7b84a0e71e878a179de05fb9a,5,421.9,1885,2970,13221498.11,63.47,0.003,98.59
c714262700f93defc16bf17a51a4cb23,4,421.8,1886,2970,13221498.11,63.5,0.003,98.59
9d5604a1f112324ad6b2aa552122e0fb,13,421.5,1887,2970,13221498.11,63.54,0.003,98.6
cc80e2f693fa6e2408f47ccf62413fc1,2,420.0,1888,2970,13221498.11,63.57,0.003,98.6
189ca3538ce9f920cacf0f982cbe223b,4,419.0,1889,2970,13221498.11,63.6,0.003,98.6
7bcd7c5f8631701474db233ccf1c094b,8,419.0,1890,2970,13221498.11,63.64,0.003,98.61
38102b031c2a15e54623d711bfc753d3,8,418.0,1891,2970,13221498.11,63.67,0.003,98.61
6d7f8d9d594e28796b6b3205b00f459c,3,417.9,1892,2970,13221498.11,63.7,0.003,98.61
7b7f91e98f8c6def45a1407923304402,11,417.47,1893,2970,13221498.11,63.74,0.003,98.62
b64d51f0435e884e8de603b1655155ae,17,416.18,1894,2970,13221498.11,63.77,0.003,98.62
f650a9708fa1bab22bdd8d3a818cc415,4,416.04,1895,2970,13221498.11,63.8,0.003,98.62
a53f60f05f822b5c621a50ff6a5cb362,4,415.4,1896,2970,13221498.11,63.84,0.003,98.62
34a557286ead8fe75c989e0afcf7d98c,4,414.9,1897,2970,13221498.11,63.87,0.003,98.63
35fb511489d9ee3ee27a76debce9df06,7,414.5,1898,2970,13221498.11,63.91,0.003,98.63
ff1e15b778c700abdd4d239b81ac466d,7,414.3,1899,2970,13221498.11,63.94,0.003,98.63
bd149ed516d4c5d418d5781f8e18919f,8,414.0,1900,2970,13221498.11,63.97,0.003,98.64
acb6c2ca5c82411c1fdb88d5fd5eb95e,10,413.88,1901,2970,13221498.11,64.01,0.003,98.64
042573af89b6d931f672efaf789d8358,3,413.48,1902,2970,13221498.11,64.04,0.003,98.64
ead2bab70821ea148476ae9bc08548ac,9,412.1,1903,2970,13221498.11,64.07,0.003,98.65
a35124e2d763d7ca3fbe3b97d143200f,4,411.5,1904,2970,13221498.11,64.11,0.003,98.65
b1204cfda1d4948679db3cfc0d3cb95c,6,411.2,1905,2970,13221498.11,64.14,0.003,98.65
86ff3eaef0267069cc891a2ed9d10a17,7,409.75,1906,2970,13221498.11,64.18,0.003,98.66
5275ca25d0358ca73864e0ae41be1320,4,409.6,1907,2970,13221498.11,64.21,0.003,98.66
f4ce8ca9fa7157e3b33f536ac9a4487d,4,409.6,1908,2970,13221498.11,64.24,0.003,98.66
c3f5668699a1b04c0fa61ecea1e2bff6,3,407.81,1909,2970,13221498.11,64.28,0.003,98.67
c7dcd301ecfe5ab7f778ac172cf74be7,3,407.79,1910,2970,13221498.11,64.31,0.003,98.67
20a8b0dc55da94fe74d112082427c84f,7,407.4,1911,2970,13221498.11,64.34,0.003,98.67
6b803197e03abd5056b4313306b4f29d,7,407.0,1912,2970,13221498.11,64.38,0.003,98.67
4a23adac87cf538689fa600d976f78b2,3,405.0,1913,2970,13221498.11,64.41,0.003,98.68
179d859f51292aac5c10806a356f7af9,18,404.47,1914,2970,13221498.11,64.44,0.003,98.68
ed9eef5be0992d413d251fadba1a410d,3,404.1,1915,2970,13221498.11,64.48,0.003,98.68
5563732abe64c3036cb97ad924128dd1,2,404.0,1916,2970,13221498.11,64.51,0.003,98.69
0ddefe3c7a032b91f4e25b9c3a08fca1,9,402.9,1917,2970,13221498.11,64.55,0.003,98.69
29fe9f200d3fa0c668d2aa1ec7e08dfb,5,400.0,1918,2970,13221498.11,64.58,0.003,98.69
d7485b33791774c36108f8c69602d48d,10,399.82,1919,2970,13221498.11,64.61,0.003,98.7
63ffcb71394dd8ea3872ed9ffda17c74,17,399.0,1920,2970,13221498.11,64.65,0.003,98.7
d263fa444c1504a75cbca5cc465f592a,1,399.0,1921,2970,13221498.11,64.68,0.003,98.7
fadb07c842a2aef5d5a676b85f220e71,7,398.75,1922,2970,13221498.11,64.71,0.003,98.71
73da1880b39c71de2b262bc7720c1494,2,398.0,1923,2970,13221498.11,64.75,0.003,98.71
48e954b2da4f6a750c844173b347ed40,2,397.8,1924,2970,13221498.11,64.78,0.003,98.71
c52c644cc0dc85121207a27013efc6af,1,397.8,1925,2970,13221498.11,64.81,0.003,98.71
12a8eb0f8d1cd3270695bf2a99f55966,2,397.0,1926,2970,13221498.11,64.85,0.003,98.72
62760d278921b5f352461620d68a9cee,3,397.0,1927,2970,13221498.11,64.88,0.003,98.72
41b14765bd56c8ad10971074380f9c0c,8,395.5,1928,2970,13221498.11,64.92,0.003,98.72
9b76ad3d04236f76bc71c59470305e13,2,394.7,1929,2970,13221498.11,64.95,0.003,98.73
0249d282d911d23cb8b869ab49c99f53,11,393.0,1930,2970,13221498.11,64.98,0.003,98.73
89bc797e2e29667aa035d4368f9b7f92,16,392.4,1931,2970,13221498.11,65.02,0.003,98.73
bc30de0d71bd6260b936a026b5cf7200,3,392.37,1932,2970,13221498.11,65.05,0.003,98.73
59cd88080b93f3c18508673122d26169,10,392.33,1933,2970,13221498.11,65.08,0.003,98.74
fe4cd9461203cee790d36792420b310f,3,391.15,1934,2970,13221498.11,65.12,0.003,98.74
c13ef0cfbe42f190780f621ce81f2234,1,390.0,1935,2970,13221498.11,65.15,0.003,98.74
8936ba0de1073ee888cb3185ae5dc661,1,389.99,1936,2970,13221498.11,65.19,0.003,98.75
4049512728d969bec69f84088b012416,7,389.84,1937,2970,13221498.11,65.22,0.003,98.75
0fe2d9733ed841eb064503920015a8c0,3,389.64,1938,2970,13221498.11,65.25,0.003,98.75
432c67955c0acd1fd6b0b5d678766a71,1,389.0,1939,2970,13221498.11,65.29,0.003,98.76
a7ecf689b40a44361e259b28939023e4,1,389.0,1940,2970,13221498.11,65.32,0.003,98.76
c1849d4d32d7a6cecd5aa471809d3135,3,388.98,1941,2970,13221498.11,65.35,0.003,98.76
2009a095de2a2a41626f6c6d7722678d,8,388.89,1942,2970,13221498.11,65.39,0.003,98.76
b98b715fe9e276204e2a3464f48cd796,4,388.6,1943,2970,13221498.11,65.42,0.003,98.77
78ef7e885d17f35e2382a47aae8b8cce,3,388.0,1944,2970,13221498.11,65.45,0.003,98.77
b6dc74ed30f124f95227bed4e43a3bed,9,387.56,1945,2970,13221498.11,65.49,0.003,98.77
94d76e96eedd976258cd3278ce56d5f2,1,385.61,1946,2970,13221498.11,65.52,0.003,98.78
559d56f3b8f0bc2e5a9a62fe2ce2a39f,2,385.0,1947,2970,13221498.11,65.56,0.003,98.78
a21c11ec5c3f03e7cc9f9203bff9e1c6,3,385.0,1948,2970,13221498.11,65.59,0.003,98.78
a080fc8a850289b27500f6b49cca2553,4,383.0,1949,2970,13221498.11,65.62,0.003,98.78
ab27bbbad5239bc31a34709275a70db4,3,382.9,1950,2970,13221498.11,65.66,0.003,98.79
ea00f977a203ff88adf7057cb7806998,18,381.73,1951,2970,13221498.11,65.69,0.003,98.79
f7315bb81aea4ddca2d39e249a801c98,2,379.8,1952,2970,13221498.11,65.72,0.003,98.79
f5b44895715ddfe3087dc414f30268f3,19,378.8,1953,2970,13221498.11,65.76,0.003,98.8
bd15ee794d5e640d9dd71b665b2ab15b,12,374.8,1954,2970,13221498.11,65.79,0.003,98.8
c24173065483e421f9e5e7f599de101d,9,373.91,1955,2970,13221498.11,65.82,0.003,98.8
404e1ba01358af4cd63f679b2c4d1fa1,8,373.9,1956,2970,13221498.11,65.86,0.003,98.8
08084d990eb3f53af056ccbc1730c8a7,12,372.5,1957,2970,13221498.11,65.89,0.003,98.81
6d988d6174a2c27441597174f8905515,19,371.73,1958,2970,13221498.11,65.93,0.003,98.81
0bfd0b434243adc5c2e1aa6baf19c6aa,6,371.2,1959,2970,13221498.11,65.96,0.003,98.81
70125af26c2d6d4ef401a1d02ae7701f,5,371.2,1960,2970,13221498.11,65.99,0.003,98.82
4dbd95a08b31ede5c82d3f861cb1ce1a,4,370.78,1961,2970,13221498.11,66.03,0.003,98.82
0f0c984a4a955310903b6b6008660bad,4,369.81,1962,2970,13221498.11,66.06,0.003,98.82
131fcb0a0c9a47bba4474aacff0f14b7,4,369.8,1963,2970,13221498.11,66.09,0.003,98.82
916748bc99315c2d202898ae58b1617e,25,369.4,1964,2970,13221498.11,66.13,0.003,98.83
63191ead8d3b2f937cd1996fdcbbad20,1,367.0,1965,2970,13221498.11,66.16,0.003,98.83
499ec63c58e51296c9cf57edcfe1c8a8,5,365.0,1966,2970,13221498.11,66.2,0.003,98.83
f12d3c2a14729ae461b920c11fe20fdc,9,364.45,1967,2970,13221498.11,66.23,0.003,98.84
4e85b538b0dad58852641540686d0e14,4,361.98,1968,2970,13221498.11,66.26,0.003,98.84
35ef5aa32949680f627efec3c23e705c,4,361.6,1969,2970,13221498.11,66.3,0.003,98.84
a435b009cd956ea60748b5cfbddf2e24,3,361.18,1970,2970,13221498.11,66.33,0.003,98.84
76de363de16dacc923eec8daf91df504,2,360.0,1971,2970,13221498.11,66.36,0.003,98.85
b56828a9f9027f3c918c04ca720d9e3c,3,360.0,1972,2970,13221498.11,66.4,0.003,98.85
fa14641f57b655e933124a9ea49cd7a5,7,359.93,1973,2970,13221498.11,66.43,0.003,98.85
03bd479e1d9484cdb14104d3023f7321,3,359.7,1974,2970,13221498.11,66.46,0.003,98.85
184725737946a1a938bbbd1a9e978103,3,359.7,1975,2970,13221498.11,66.5,0.003,98.86
1e8c6a4c538f286aee9573239740a4b4,5,359.7,1976,2970,13221498.11,66.53,0.003,98.86
51209b446b2073894bdc0face6c73ffc,2,359.6,1977,2970,13221498.11,66.57,0.003,98.86
3076499bbc033a927bf4a8a41bcf7fd4,7,359.33,1978,2970,13221498.11,66.6,0.003,98.87
ffff564a4f9085cd26170f4732393726,8,359.0,1979,2970,13221498.11,66.63,0.003,98.87
173d56ffbd4c56cb80fc3615487d712b,2,358.0,1980,2970,13221498.11,66.67,0.003,98.87
f44bdc12aa39f5271f0b95f66cd4c289,5,357.5,1981,2970,13221498.11,66.7,0.003,98.87
9dd59e43f0c9f0553244e8f9c2fb247e,10,356.3,1982,2970,13221498.11,66.73,0.003,98.88
24c1de8d9551c0b4fbc53317d53efda8,1,355.0,1983,2970,13221498.11,66.77,0.003,98.88
761681a821d8275bc79f552116d06869,3,354.92,1984,2970,13221498.11,66.8,0.003,98.88
8fd3b4468f6425810648177996c14cbd,1,354.9,1985,2970,13221498.11,66.84,0.003,98.88
9b00cad94ef3078faf6fba2e792c158f,1,354.9,1986,2970,13221498.11,66.87,0.003,98.89
a2fa0bdc798ee84cdb08281337cf4fb6,8,354.86,1987,2970,13221498.11,66.9,0.003,98.89
44f091b5abab8018f682fce8124b85e5,3,354.4,1988,2970,13221498.11,66.94,0.003,98.89
b88e7c57cb2d8b973b7dd4a2bfa14b36,4,353.9,1989,2970,13221498.11,66.97,0.003,98.9
de66a66f2dd06bb9ec37aa96987466a3,7,353.32,1990,2970,13221498.11,67.0,0.003,98.9
b67d6c666e8dce1d078c882825e12704,7,352.84,1991,2970,13221498.11,67.04,0.003,98.9
52092ddbd3a58c450a4459bf051b2287,6,351.7,1992,2970,13221498.11,67.07,0.003,98.9
e53d5b9b29d1218281f4a907ada18626,4,350.67,1993,2970,13221498.11,67.1,0.003,98.91
b7d5b4b87af9d42b601865d3f3810bff,1,350.0,1994,2970,13221498.11,67.14,0.003,98.91
97e4a63591ca439a2b8b7efd20e6e19e,5,349.95,1995,2970,13221498.11,67.17,0.003,98.91
52bb00821bcdd358a5a5a27e1f6be5a1,2,349.8,1996,2970,13221498.11,67.21,0.003,98.91
079d295dcbf06ee8bb1b65ba964eb2b6,5,349.3,1997,2970,13221498.11,67.24,0.003,98.92
27a56ff04b34c2ba34ce6ba4d3b9d616,8,349.29,1998,2970,13221498.11,67.27,0.003,98.92
249f0e9905a6e06ad6c6bea7547ab9f6,3,347.95,1999,2970,13221498.11,67.31,0.003,98.92
79565f7d5603b24ddf07ade262547f2f,7,346.0,2000,2970,13221498.11,67.34,0.003,98.92
918717417d88a9f9ae9735567e6c7682,4,345.7,2001,2970,13221498.11,67.37,0.003,98.93
48efc9d94a9834137efd9ea76b065a38,33,345.6,2002,2970,13221498.11,67.41,0.003,98.93
38af8acfd46ac4a7bf754e8ca6736664,5,345.0,2003,2970,13221498.11,67.44,0.003,98.93
a37c340b91cb0169e8b029db6440fba2,5,345.0,2004,2970,13221498.11,67.47,0.003,98.93
f5fea3ffed6c2e889bab72705557c63a,1,345.0,2005,2970,13221498.11,67.51,0.003,98.94
26b482dccfa29bd2e40703ba45523702,3,344.78,2006,2970,13221498.11,67.54,0.003,98.94
3985a3c45be355a4c57fde108bfabd1c,7,344.2,2007,2970,13221498.11,67.58,0.003,98.94
7957cac1a02f45d0a4a7e45626382ec2,1,343.0,2008,2970,13221498.11,67.61,0.003,98.95
2a73cba571d90c694b7caca072ccf6ce,1,342.78,2009,2970,13221498.11,67.64,0.003,98.95
6219ba2359cfb97f2e38fd4c321eb309,5,342.6,2010,2970,13221498.11,67.68,0.003,98.95
b9ec22de23f18567de0e09d776ca0309,2,341.98,2011,2970,13221498.11,67.71,0.003,98.95
89de2d6f23e9746ff309705b23581faa,8,340.0,2012,2970,13221498.11,67.74,0.003,98.96
ae8bfdbf1c2a2a2dee92d799db0a31c6,8,339.92,2013,2970,13221498.11,67.78,0.003,98.96
6650fcccd8cd2f7e55ffa524f30c4c59,2,339.8,2014,2970,13221498.11,67.81,0.003,98.96
2f4b0d3b9634b647d4edee577d7ebb7e,10,337.9,2015,2970,13221498.11,67.85,0.003,98.96
e627629ba868740e287800f1a9be81c2,11,337.1,2016,2970,13221498.11,67.88,0.003,98.97
0743a0239d764b9a0f959a57d07e36ab,4,336.96,2017,2970,13221498.11,67.91,0.003,98.97
333c4210e76a1aa2ab817b99437e3ff1,2,335.0,2018,2970,13221498.11,67.95,0.003,98.97
a64e44665225d19dfc0277eeeaaccc57,6,335.0,2019,2970,13221498.11,67.98,0.003,98.97
c8660dcf9ba70575f45d80fe28c27713,4,335.0,2020,2970,13221498.11,68.01,0.003,98.98
2c538755f1ca9540af144f266e70df6c,1,334.99,2021,2970,13221498.11,68.05,0.003,98.98
61b18775be84fb700a6b2d0ba097bf66,4,334.5,2022,2970,13221498.11,68.08,0.003,98.98
7c4618c82226628831613e95e9c22f44,13,333.93,2023,2970,13221498.11,68.11,0.003,98.98
ce616e1913288884e7742faac9d981db,14,333.3,2024,2970,13221498.11,68.15,0.003,98.99
c113b8df1fc375bc3d73d29c1b1144d1,3,333.0,2025,2970,13221498.11,68.18,0.003,98.99
d36b07fd3c5088e477a72d1fccfe29d4,1,328.9,2026,2970,13221498.11,68.22,0.002,98.99
f18112da765e0971ca5d510dec322bdd,2,327.8,2027,2970,13221498.11,68.25,0.002,98.99
4b98b0428fc1932cc2514ef9ce2505e6,2,327.63,2028,2970,13221498.11,68.28,0.002,99.0
6c1b6d0c604b776f844125f911eb7377,4,327.07,2029,2970,13221498.11,68.32,0.002,99.0
08d0949a9a17c027262db1f3c450c26c,12,324.8,2030,2970,13221498.11,68.35,0.002,99.0
6bd503a8230299c9316fb0f726933927,4,324.29,2031,2970,13221498.11,68.38,0.002,99.0
7dea6f73af847b42cc3985bd620f994d,2,324.0,2032,2970,13221498.11,68.42,0.002,99.01
0747d5bb69f0586cc869d8af4c50f93e,12,322.8,2033,2970,13221498.11,68.45,0.002,99.01
92d14edfb62ee5ae7fdff70b0f4e7233,8,322.0,2034,2970,13221498.11,68.48,0.002,99.01
a81466620e46a6970b22ef40379fdfc9,2,321.8,2035,2970,13221498.11,68.52,0.002,99.01
7b7ed56ae755e2880f2b69632e839c1e,5,321.5,2036,2970,13221498.11,68.55,0.002,99.02
d149de2f383552baea37a7198c2296ce,3,320.7,2037,2970,13221498.11,68.59,0.002,99.02
d2f3e277560ed4c6361284429b00f037,7,320.55,2038,2970,13221498.11,68.62,0.002,99.02
eb9267cccc90f1b49c8d2f9887c7dd97,1,319.9,2039,2970,13221498.11,68.65,0.002,99.02
883dd81e82754ac2c65e9790a7db8c9a,5,319.5,2040,2970,13221498.11,68.69,0.002,99.03
c611f4ce9ce875bcc063fa97fd4d7d12,1,319.0,2041,2970,13221498.11,68.72,0.002,99.03
1e9d5a33694bddb76316fd1f54734d20,2,318.0,2042,2970,13221498.11,68.75,0.002,99.03
57d2ba47f7a3209aa347532ae75c1165,2,318.0,2043,2970,13221498.11,68.79,0.002,99.03
2d22fc3089eb907b29ebff50581fb472,3,317.7,2044,2970,13221498.11,68.82,0.002,99.03
ea4e9ce63a2134743b4a92777437fcdd,3,316.6,2045,2970,13221498.11,68.86,0.002,99.04
9cf787a239c1aa29dbd76f153dc13f9a,4,316.0,2046,2970,13221498.11,68.89,0.002,99.04
cf1313c6e2c01c2f4b014f97db4bcd2b,5,315.7,2047,2970,13221498.11,68.92,0.002,99.04
3b18f9856c6eb2413eafedb58e9eecd9,1,315.0,2048,2970,13221498.11,68.96,0.002,99.04
12c2ed9cded6138cf0c75f525f565fc7,4,314.96,2049,2970,13221498.11,68.99,0.002,99.05
da20530872245d6cd9d2f5725613c430,2,314.96,2050,2970,13221498.11,69.02,0.002,99.05
9ac4f14370b1e24ddc58be041b7f99df,5,314.51,2051,2970,13221498.11,69.06,0.002,99.05
8c9348f33ae3dada25c99c99ade2af78,2,312.99,2052,2970,13221498.11,69.09,0.002,99.05
3afc536624bc2e65bddfb5db33cc01f3,6,312.0,2053,2970,13221498.11,69.12,0.002,99.06
1acde099eb406aa220b1169b188b42da,9,311.1,2054,2970,13221498.11,69.16,0.002,99.06
df47da4ae86fa4db890d05aaf24e21d8,5,310.5,2055,2970,13221498.11,69.19,0.002,99.06
ad87df7699e83b8a91822a4a0b765c3a,5,309.9,2056,2970,13221498.11,69.23,0.002,99.06
ba89796db68db180bd389de96b2ff3b6,2,309.8,2057,2970,13221498.11,69.26,0.002,99.07
0cab2da43793a6f3c5ed8514c5f54627,3,309.7,2058,2970,13221498.11,69.29,0.002,99.07
ebd1417732defaf66c50b5a800eb293e,1,309.0,2059,2970,13221498.11,69.33,0.002,99.07
152ee17e4c8aaf53dac99f3462e4999b,6,308.96,2060,2970,13221498.11,69.36,0.002,99.07
1b45169b635ef59425637e9a33eb5fb3,7,308.9,2061,2970,13221498.11,69.39,0.002,99.08
dbbcfe2c8d026742134ac3e28ccde274,4,308.59,2062,2970,13221498.11,69.43,0.002,99.08
b127efdabeffb5d559349c7b172eb75d,10,308.5,2063,2970,13221498.11,69.46,0.002,99.08
85cc55e048b6bcc90c75afe7f0e72f72,9,308.28,2064,2970,13221498.11,69.49,0.002,99.08
a7a9b880c49781da66651ccf4ba9ac38,3,307.6,2065,2970,13221498.11,69.53,0.002,99.08
9c3c24eca51c52b91c1de727d2a2ae06,6,307.5,2066,2970,13221498.11,69.56,0.002,99.09
48bad451945f5227341793478d6353ea,3,307.0,2067,2970,13221498.11,69.6,0.002,99.09
e94b64dc6979b302a5a5be1662c83bb6,2,306.89,2068,2970,13221498.11,69.63,0.002,99.09
bc39d8938f90a3a2b98193723ed59774,2,306.8,2069,2970,13221498.11,69.66,0.002,99.09
6d2f2e3b539480db1e0842b3a4e32e6e,3,305.96,2070,2970,13221498.11,69.7,0.002,99.1
085f6f7e049c996695fb2074fe38d45e,6,305.4,2071,2970,13221498.11,69.73,0.002,99.1
c76d418370990614e89e956c7a7567d9,2,305.24,2072,2970,13221498.11,69.76,0.002,99.1
51f108f62cb87d61918159902c8f8583,3,303.73,2073,2970,13221498.11,69.8,0.002,99.1
3d01d1c414c44b5943a09619ff3853cb,4,303.6,2074,2970,13221498.11,69.83,0.002,99.11
ad75519a07f039025e83795a4418470f,3,302.1,2075,2970,13221498.11,69.87,0.002,99.11
a3082f442524a1be452e3189e003b361,3,301.6,2076,2970,13221498.11,69.9,0.002,99.11
2b3b9ce054da76a7428df143a567b156,5,301.0,2077,2970,13221498.11,69.93,0.002,99.11
6179a28a13a726c29b3bf54c070dccab,1,300.0,2078,2970,13221498.11,69.97,0.002,99.11
3a3e46d10f74d8a6ca76e2b538f106a0,2,299.9,2079,2970,13221498.11,70.0,0.002,99.12
2b402d5dc42554061f8ea98d1916f148,1,299.89,2080,2970,13221498.11,70.03,0.002,99.12
69a43819c758c65a5befb0b471c954d7,2,299.85,2081,2970,13221498.11,70.07,0.002,99.12
ea3ebea5317b0efbc663ecc8ce5e9bc2,3,299.7,2082,2970,13221498.11,70.1,0.002,99.12
6d1b9c9579132c87d2703ec38c30f2c5,4,299.69,2083,2970,13221498.11,70.13,0.002,99.13
71593c7413973a1e160057b80d4958f6,2,299.5,2084,2970,13221498.11,70.17,0.002,99.13
b76f4d90e85657a240495c876313adc5,1,299.0,2085,2970,13221498.11,70.2,0.002,99.13
f00f5b35d0abcacbdd863672f4bb2c1a,1,299.0,2086,2970,13221498.11,70.24,0.002,99.13
a8739afb32aaa45e01815ca76f76f54b,13,298.83,2087,2970,13221498.11,70.27,0.002,99.13
9d489893ff6af05029671b785f54b998,5,298.7,2088,2970,13221498.11,70.3,0.002,99.14
b76a1f8356322f12529c37b67d5c96c2,5,298.5,2089,2970,13221498.11,70.34,0.002,99.14
791cfcfe22fe4a771ece27f90017da92,1,298.13,2090,2970,13221498.11,70.37,0.002,99.14
c5ebe6598748b0aeaa61cfb820478b92,3,297.0,2091,2970,13221498.11,70.4,0.002,99.14
0ec28cec4046a4a199b6de9b4c891d97,3,296.6,2092,2970,13221498.11,70.44,0.002,99.15
eebb3372362aa9a46975164bed19a7e7,4,295.96,2093,2970,13221498.11,70.47,0.002,99.15
a806a4bb063ea7ca6d374eafa50a6058,5,294.4,2094,2970,13221498.11,70.51,0.002,99.15
9b1ab052f5fca308ba743ac789ebb2e1,2,294.09,2095,2970,13221498.11,70.54,0.002,99.15
2bf28e311bba65237358230cabac3f15,7,294.0,2096,2970,13221498.11,70.57,0.002,99.15
c286ec035ee04ba81c97508f0b5df544,1,294.0,2097,2970,13221498.11,70.61,0.002,99.16
2f4b9d112bfa44a214bc6cef085d17c8,5,293.99,2098,2970,13221498.11,70.64,0.002,99.16
9d39404483343dd55c7ae254494d8388,10,293.2,2099,2970,13221498.11,70.67,0.002,99.16
48b6c3f4c6a93171da04b75313f2130f,2,290.26,2100,2970,13221498.11,70.71,0.002,99.16
aadfe0417e61315688b6bd7043361e25,1,289.9,2101,2970,13221498.11,70.74,0.002,99.17
ede2977fbaf3738583170735ca403f6c,1,289.9,2102,2970,13221498.11,70.77,0.002,99.17
f410c8873029fcc3809b9df6d0b28914,2,289.8,2103,2970,13221498.11,70.81,0.002,99.17
4dc646b9b9e8e411ef48ba000ea3ac6f,4,289.7,2104,2970,13221498.11,70.84,0.002,99.17
adbe70ab2c97442046d393988c8d1d27,5,289.5,2105,2970,13221498.11,70.88,0.002,99.17
aded58c8142dedc5494a81f948431fab,4,289.5,2106,2970,13221498.11,70.91,0.002,99.18
04ee0ec01589969663ba5967c0e0bdc0,1,289.49,2107,2970,13221498.11,70.94,0.002,99.18
392353362d22cc2c236e1ee81ff19890,5,288.7,2108,2970,13221498.11,70.98,0.002,99.18
bbe87dce25ba8b38bb61cc7210a3f10b,2,287.0,2109,2970,13221498.11,71.01,0.002,99.18
ce20a2ec1514c25e16f2b5b39bc818f0,4,287.0,2110,2970,13221498.11,71.04,0.002,99.19
615005a3ef192c00c6f0e977cee3d2bc,10,286.5,2111,2970,13221498.11,71.08,0.002,99.19
e83e93b71371817b11d78a63ff156aee,2,286.0,2112,2970,13221498.11,71.11,0.002,99.19
a9ae440659f48b7849df83e82734150b,1,285.0,2113,2970,13221498.11,71.14,0.002,99.19
10264f60a8f0a4d2f30810f5c661c673,4,284.6,2114,2970,13221498.11,71.18,0.002,99.19
ea1776927851da2532aa70d6a32c095a,2,283.9,2115,2970,13221498.11,71.21,0.002,99.2
86bf77bdb52e615674772d5817c6212f,4,281.8,2116,2970,13221498.11,71.25,0.002,99.2
83c465a786b06574376909b35ef6752a,3,281.4,2117,2970,13221498.11,71.28,0.002,99.2
b8a0adc91af209270c2c725168eb00fd,6,281.4,2118,2970,13221498.11,71.31,0.002,99.2
579891617139df7d8671d373f0669622,8,280.3,2119,2970,13221498.11,71.35,0.002,99.2
6dc9bec584588412a6a338830946a3e4,1,280.0,2120,2970,13221498.11,71.38,0.002,99.21
4e0d109ccfba9a1151c103049880c857,2,279.89,2121,2970,13221498.11,71.41,0.002,99.21
28fb0829fd777877cdc350d25cb5bd5b,2,279.8,2122,2970,13221498.11,71.45,0.002,99.21
19a7c9f66ffa6452ff4b4c0cca71da27,1,279.0,2123,2970,13221498.11,71.48,0.002,99.21
d2572f31e9023e9850ef986a636ff9bf,1,279.0,2124,2970,13221498.11,71.52,0.002,99.22
debe6615cd90cc0c2eac2b8988e1f628,5,278.5,2125,2970,13221498.11,71.55,0.002,99.22
fb8904a8ea99f8831b64ce27db2c1765,2,278.0,2126,2970,13221498.11,71.58,0.002,99.22
94c49f20a123aeb9360dbf80ff912bf6,3,277.75,2127,2970,13221498.11,71.62,0.002,99.22
2ee0a0689f2f6a72f35a7cb6033f6e7e,4,272.0,2128,2970,13221498.11,71.65,0.002,99.22
e603cf3fec55f8697c9059638d6c8eb5,7,270.0,2129,2970,13221498.11,71.68,0.002,99.23
f682e0f848abafc6f41e0d4e868c66ef,2,269.98,2130,2970,13221498.11,71.72,0.002,99.23
87d73636a3acf123e842bb890a4db036,1,269.9,2131,2970,13221498.11,71.75,0.002,99.23
bab0a8cd684e41ba6e2637dca0979d3b,1,269.9,2132,2970,13221498.11,71.78,0.002,99.23
dcf3755cefcdc158ad0b7bdde51e871b,3,269.7,2133,2970,13221498.11,71.82,0.002,99.23
09883d9ab71c8fe8a9bfc7fc3075b07e,4,269.6,2134,2970,13221498.11,71.85,0.002,99.24
6bb66d9870c2e01c05655c7ed0e7ee13,3,269.0,2135,2970,13221498.11,71.89,0.002,99.24
58c851d1a3c7cd3da329eb59453fed44,2,268.99,2136,2970,13221498.11,71.92,0.002,99.24
d73cbd89533ce8b041a9190241453ac8,3,268.7,2137,2970,13221498.11,71.95,0.002,99.24
830379336fad8c6f3b15a4a3ddb5c66e,2,268.0,2138,2970,13221498.11,71.99,0.002,99.24
f9bbdd976532d50b7816d285a22bd01e,2,268.0,2139,2970,13221498.11,72.02,0.002,99.25
c79151301b9d90985d1fa52879213105,3,267.1,2140,2970,13221498.11,72.05,0.002,99.25
65a7c0788e4d632ccb5e1b594b87f0bb,3,266.7,2141,2970,13221498.11,72.09,0.002,99.25
5236605f4d4b0b3e4df85b850393fca0,5,265.3,2142,2970,13221498.11,72.12,0.002,99.25
483ca627d131e18f988349b1655c0acd,1,264.0,2143,2970,13221498.11,72.15,0.002,99.25
5c853bb56f70f4d14218944bae111d7a,23,263.13,2144,2970,13221498.11,72.19,0.002,99.26
f8d5c7085db9a4ad2b8c1ffbeb2798c8,6,263.0,2145,2970,13221498.11,72.22,0.002,99.26
53088c75f948b48a7ece173ac17f0c12,3,261.7,2146,2970,13221498.11,72.26,0.002,99.26
252e76235acb79183cfca6e34f13337d,3,261.2,2147,2970,13221498.11,72.29,0.002,99.26
6da1992f915d77be95d7fa48b36904af,7,261.0,2148,2970,13221498.11,72.32,0.002,99.26
aa762680c40618316a896838866140ea,3,261.0,2149,2970,13221498.11,72.36,0.002,99.27
21d59342ba150175ca2aa4f8faddeca6,2,259.9,2150,2970,13221498.11,72.39,0.002,99.27
984c273121e743dd14767befe6cb17f5,1,259.6,2151,2970,13221498.11,72.42,0.002,99.27
bdb3edbaee43a761e2d4f258dc08f348,5,259.5,2152,2970,13221498.11,72.46,0.002,99.27
c9e5ad1f6647f5dbd1172adf6ae3cada,4,259.03,2153,2970,13221498.11,72.49,0.002,99.27
5e25c632f9db6cfb8bc100421c2737b6,1,259.0,2154,2970,13221498.11,72.53,0.002,99.28
1e26c56af8d48424e1df0140a2401f83,2,258.9,2155,2970,13221498.11,72.56,0.002,99.28
0af977692321d895349eded183341d28,2,257.75,2156,2970,13221498.11,72.59,0.002,99.28
7d294cf9a6a69dc6a0c3e540fff0e039,5,257.25,2157,2970,13221498.11,72.63,0.002,99.28
31eec405c9bb71dec8e2629a92e764fa,5,256.89,2158,2970,13221498.11,72.66,0.002,99.28
15ead3a5037a918ddb520dfe39a3d2b9,6,254.5,2159,2970,13221498.11,72.69,0.002,99.29
ebef8d8c92b4fd3226e5d407bbff21ac,3,253.7,2160,2970,13221498.11,72.73,0.002,99.29
d5c530f4884a75ae0dba9c148718d278,5,252.93,2161,2970,13221498.11,72.76,0.002,99.29
88ef59b51bdaa941d10a853429f2b6ce,2,252.9,2162,2970,13221498.11,72.79,0.002,99.29
446cc09cdbb130904da114e807dbec40,3,252.8,2163,2970,13221498.11,72.83,0.002,99.29
7f35f9daf223da737b78738fbae4d977,5,252.0,2164,2970,13221498.11,72.86,0.002,99.3
e88c9b79e592e370d6bd852eeefbf057,8,251.87,2165,2970,13221498.11,72.9,0.002,99.3
ae45ad30c2d2e5913094769690a239d2,1,251.8,2166,2970,13221498.11,72.93,0.002,99.3
e88f7a2995ba184710d339c5c4bf2e30,2,251.6,2167,2970,13221498.11,72.96,0.002,99.3
85ecf03781da592876b7844acc1b729f,2,251.0,2168,2970,13221498.11,73.0,0.002,99.3
46ef1a25845fc051c2998d878354810c,5,250.41,2169,2970,13221498.11,73.03,0.002,99.3
8ccf3cf69651cc1d8a02c8bfaf3b8568,2,250.0,2170,2970,13221498.11,73.06,0.002,99.31
13d95f0f6f73943d4ceffad0fc2cd32c,1,249.99,2171,2970,13221498.11,73.1,0.002,99.31
1703bc09972dab9782e7a9194943b69f,1,249.9,2172,2970,13221498.11,73.13,0.002,99.31
5d505d2298ad549e4e4e835562fa0c1e,2,249.8,2173,2970,13221498.11,73.16,0.002,99.31
c0f783394e37cd9c9d7f5f81141450fa,6,249.4,2174,2970,13221498.11,73.2,0.002,99.31
4b90495391ac0bd181a80a459df1e718,1,248.0,2175,2970,13221498.11,73.23,0.002,99.32
42b6488f5b8246d9141712abd4b1b693,2,247.99,2176,2970,13221498.11,73.27,0.002,99.32
32f1bb9dfa65bc7df5c0d9d95a616be4,4,246.49,2177,2970,13221498.11,73.3,0.002,99.32
baa49d93c8c8841e27400a300f5d74b2,6,246.4,2178,2970,13221498.11,73.33,0.002,99.32
184a67a8f9f63234d3a92340bbdb727f,7,246.29,2179,2970,13221498.11,73.37,0.002,99.32
88ae906ea2acf6971f26c3e8b7cb4357,3,246.0,2180,2970,13221498.11,73.4,0.002,99.33
5721089ba9214e80074f27d5a03fc0eb,5,245.93,2181,2970,13221498.11,73.43,0.002,99.33
5194c22ed1f616ec0c0f33c571542879,4,245.6,2182,2970,13221498.11,73.47,0.002,99.33
14f2b3587172b9db894c9bad8dab520b,2,244.0,2183,2970,13221498.11,73.5,0.002,99.33
5733d806668f8712c24b9abaefbfa642,2,243.8,2184,2970,13221498.11,73.54,0.002,99.33
77714512e8d4dda9c234da8e3faf16e4,4,243.4,2185,2970,13221498.11,73.57,0.002,99.33
9853a239ab7b7ebbdc3a21248d5b8e1f,4,242.0,2186,2970,13221498.11,73.6,0.002,99.34
c70a353f02429c00775a46a75fb787da,6,242.0,2187,2970,13221498.11,73.64,0.002,99.34
31be790e64fc99f8ff48ec2bd18a3104,6,241.4,2188,2970,13221498.11,73.67,0.002,99.34
0761743cbffb25d7148189e9f1a5f03a,3,241.2,2189,2970,13221498.11,73.7,0.002,99.34
85044848b1b767db2a4a58526adef4b4,4,240.6,2190,2970,13221498.11,73.74,0.002,99.34
5e9f5bd34e0830569f05c9d4f56e04a8,2,239.98,2191,2970,13221498.11,73.77,0.002,99.35
422be4cc81a457fdb46f47edeb968ae5,1,239.9,2192,2970,13221498.11,73.8,0.002,99.35
70c4eedec9cb4a85cda2f3f9673557b4,1,239.9,2193,2970,13221498.11,73.84,0.002,99.35
2d9e8987a2ea5cf88dce330249043ff1,2,239.8,2194,2970,13221498.11,73.87,0.002,99.35
70f7e8018e3d46c748c92f026aa2585a,1,239.8,2195,2970,13221498.11,73.91,0.002,99.35
d7b2377bae6ace1b11fc69a11900ac36,3,239.7,2196,2970,13221498.11,73.94,0.002,99.35
ec8463980a4e0ea9f8517aea1ed0c419,2,239.2,2197,2970,13221498.11,73.97,0.002,99.36
25debeafbce801fdd479539350185eee,5,237.85,2198,2970,13221498.11,74.01,0.002,99.36
d1a5cc844736958c11b8efab9a2b4c87,1,237.6,2199,2970,13221498.11,74.04,0.002,99.36
e83c76265fc54bf41eac728805e4da77,8,237.3,2200,2970,13221498.11,74.07,0.002,99.36
2e0dba2da448400b1c11d7b4b22f32a4,7,235.87,2201,2970,13221498.11,74.11,0.002,99.36
534a01cc6df1e034e05c32028a291fa2,5,235.59,2202,2970,13221498.11,74.14,0.002,99.37
a663d9c3797e90eac99ff60939416a56,1,235.0,2203,2970,13221498.11,74.18,0.002,99.37
94b9108d4b637ba65bb4f1e53cfcf8d8,7,234.96,2204,2970,13221498.11,74.21,0.002,99.37
508808d438fe2ff972ed13bb8f4a82e2,9,234.84,2205,2970,13221498.11,74.24,0.002,99.37
1e47defeeadeca0e9a18fa5a9311e735,3,234.12,2206,2970,13221498.11,74.28,0.002,99.37
cb32766839f443db85c82a43c4a6c19e,2,234.0,2207,2970,13221498.11,74.31,0.002,99.37
d9cb0052a666de5308b32f32ad5f1b1c,3,231.9,2208,2970,13221498.11,74.34,0.002,99.38
e64882b4ef12aee8d0faca4db5b681f4,1,230.0,2209,2970,13221498.11,74.38,0.002,99.38
1746c1ae87ac63d530c7c943d0ac42e2,1,229.9,2210,2970,13221498.11,74.41,0.002,99.38
72431a818f97fe6ab9c81eee3e297e54,1,229.9,2211,2970,13221498.11,74.44,0.002,99.38
740205fedfe4e90ca6857bc77db0f2b4,1,229.9,2212,2970,13221498.11,74.48,0.002,99.38
9539213aa8e023c01937bef95dc006da,9,229.1,2213,2970,13221498.11,74.51,0.002,99.38
615c3462099ffa940d37b17dfda19594,2,229.0,2214,2970,13221498.11,74.55,0.002,99.39
75745ef7bc7d4f3ea3380f6f5303f514,3,228.4,2215,2970,13221498.11,74.58,0.002,99.39
8dfbc5ff27df12f6cef751d3b9554222,4,226.0,2216,2970,13221498.11,74.61,0.002,99.39
b05b432bf68945d4d9783f9e3ca29ee8,2,224.8,2217,2970,13221498.11,74.65,0.002,99.39
8a8835a43bda99fd37310ad76c457510,2,224.34,2218,2970,13221498.11,74.68,0.002,99.39
94ca168e8bcb407ab85c5da308863027,5,224.3,2219,2970,13221498.11,74.71,0.002,99.39
6c6e3d67f969468f3bfd33f827a31222,5,224.0,2220,2970,13221498.11,74.75,0.002,99.4
81ed90f07c0bacb7594940ba2ef676aa,2,223.9,2221,2970,13221498.11,74.78,0.002,99.4
0e44d110fa6a54e121cb2c095a77762f,6,223.32,2222,2970,13221498.11,74.81,0.002,99.4
08ad4ac1388e4420ca531c3edfc46198,6,221.62,2223,2970,13221498.11,74.85,0.002,99.4
f419677537694f0462a91990df6ca44f,6,220.5,2224,2970,13221498.11,74.88,0.002,99.4
bec568278124768c474ee90971ca94d1,2,219.9,2225,2970,13221498.11,74.92,0.002,99.41
edf3fabebcc20f7463cc9c53da932ea8,1,219.9,2226,2970,13221498.11,74.95,0.002,99.41
20611af7866c6068fd5ae1f9dbe15c92,2,219.8,2227,2970,13221498.11,74.98,0.002,99.41
e0a3c37054ade6478d923a6efc10f308,2,219.8,2228,2970,13221498.11,75.02,0.002,99.41
f8e2c1b59cd4225a3e4fd0d013a76b93,2,219.8,2229,2970,13221498.11,75.05,0.002,99.41
a5dd1946fb63ada8bcaa0c9cd8f11e22,6,219.62,2230,2970,13221498.11,75.08,0.002,99.41
c3fe93ba3085f92855c97e57f38c8c05,6,219.0,2231,2970,13221498.11,75.12,0.002,99.42
3442f8959a84dea7ee197c632cb2df15,3,218.7,2232,2970,13221498.11,75.15,0.002,99.42
751e274377499a8503fd6243ad9c56f6,1,218.0,2233,2970,13221498.11,75.19,0.002,99.42
6548c2550b6e2d8f18053216e1c7b6f3,3,217.7,2234,2970,13221498.11,75.22,0.002,99.42
d594982fd877af63ace38ea1fca27c76,7,217.04,2235,2970,13221498.11,75.25,0.002,99.42
3d49bfdd1b43a7fe169b3740067acc61,3,215.0,2236,2970,13221498.11,75.29,0.002,99.42
a4b8d97cd5d3674eeff96abc99d8ed67,1,214.08,2237,2970,13221498.11,75.32,0.002,99.42
5f0057b677eb963672bf05dfa3f16c34,4,213.88,2238,2970,13221498.11,75.35,0.002,99.43
33ab10be054370c254ddfcf0a6253422,4,213.2,2239,2970,13221498.11,75.39,0.002,99.43
4ea2f12dbe91deeacd2c1e74f069a6e6,4,210.2,2240,2970,13221498.11,75.42,0.002,99.43
28405831a29823802aa22c084cfd0649,6,210.0,2241,2970,13221498.11,75.45,0.002,99.43
a9415cf907dfa12f9ed18693244f5329,1,210.0,2242,2970,13221498.11,75.49,0.002,99.43
661ad5fcc28cdfb8bcadb12bb2272475,4,209.93,2243,2970,13221498.11,75.52,0.002,99.43
269c5fc9fcadee614364c3620c30a1f9,3,209.6,2244,2970,13221498.11,75.56,0.002,99.44
3fadb4cba4c35bce6a7eaf9872d5623a,3,209.5,2245,2970,13221498.11,75.59,0.002,99.44
929f342384a6607afe143d789ade1316,4,209.4,2246,2970,13221498.11,75.62,0.002,99.44
3fefda3299e6dfaea3466ef346a3571a,1,209.0,2247,2970,13221498.11,75.66,0.002,99.44
10cdd491d1dbea8fb4ead97b19c334ce,3,208.9,2248,2970,13221498.11,75.69,0.002,99.44
1de62b6f2fd96227629786db492433db,2,208.8,2249,2970,13221498.11,75.72,0.002,99.44
353e21e8bf8de2722b4fae1636664b76,4,208.0,2250,2970,13221498.11,75.76,0.002,99.45
5a9c0859cb00fd8aa4db443837f0a700,2,208.0,2251,2970,13221498.11,75.79,0.002,99.45
90b57083da5d803237da74daec6dcb2b,2,206.9,2252,2970,13221498.11,75.82,0.002,99.45
762fafdaa57a532ee0119731697579dd,5,206.7,2253,2970,13221498.11,75.86,0.002,99.45
e5d4b2b0c3bca22085f7a19a28de0c42,4,205.8,2254,2970,13221498.11,75.89,0.002,99.45
dd8a29ce82d5c705ba932d81494600a5,2,205.75,2255,2970,13221498.11,75.93,0.002,99.45
643c01d7c56a724bec0454f4780e8a3e,2,205.55,2256,2970,13221498.11,75.96,0.002,99.45
efb628aa07c8ca93d7db0d85b91a4f5a,1,204.0,2257,2970,13221498.11,75.99,0.002,99.46
e819bcfade7b5d88a27325eb6cfd62c5,5,202.9,2258,2970,13221498.11,76.03,0.002,99.46
f26d70155c2b6326fcfa1780c8c684e4,1,202.89,2259,2970,13221498.11,76.06,0.002,99.46
bcc9dd23e2a8bd8267cf92b19304a1b9,3,202.79,2260,2970,13221498.11,76.09,0.002,99.46
19484c79cef6c062cb177aa4ef2fcc3c,1,201.9,2261,2970,13221498.11,76.13,0.002,99.46
28c7d8743fbc8679f484868cc0fcaefb,3,201.5,2262,2970,13221498.11,76.16,0.002,99.46
72146da5774cabf2632faedcae097a76,4,200.94,2263,2970,13221498.11,76.2,0.002,99.47
3f84fefc07dc159b268d4a77d3e8c425,3,200.6,2264,2970,13221498.11,76.23,0.002,99.47
5db42a6cd9bf1bf0d3aab9582767f168,1,200.0,2265,2970,13221498.11,76.26,0.002,99.47
3289d8c3eef4873f91ce0b1343c0dd58,1,199.99,2266,2970,13221498.11,76.3,0.002,99.47
dbc51f5e45d654ecc16cb68e6817ecea,1,199.99,2267,2970,13221498.11,76.33,0.002,99.47
dda37071807e404c5bb2a1590c66326f,1,199.99,2268,2970,13221498.11,76.36,0.002,99.47
3fe7120d6257285ac6a3ce7cb071ccec,2,199.98,2269,2970,13221498.11,76.4,0.002,99.47
651530bf5c607240ccdd89a30c9c9712,1,199.9,2270,2970,13221498.11,76.43,0.002,99.48
e59e575a175fadcadf8479e191770425,1,199.9,2271,2970,13221498.11,76.46,0.002,99.48
2a50b7ee5aebecc6fd0ff9784a4747d6,1,199.8,2272,2970,13221498.11,76.5,0.002,99.48
2cb4700db635baa1c0d4f90ed27b6669,2,199.8,2273,2970,13221498.11,76.53,0.002,99.48
4f0d637c1197fd65405ebd755ac9f86b,2,199.8,2274,2970,13221498.11,76.57,0.002,99.48
800214c63934acd05d47e84214db8ba8,3,199.7,2275,2970,13221498.11,76.6,0.002,99.48
ec5c1d94df153d473b37f880977ae58e,2,199.67,2276,2970,13221498.11,76.63,0.002,99.49
8060d731897e33b5c5ae575ce1e209e1,5,199.5,2277,2970,13221498.11,76.67,0.002,99.49
4450bd8327d471c4a11a83d1445b1b62,1,199.0,2278,2970,13221498.11,76.7,0.002,99.49
4ce8b55b4bfa4659184e7becc1fba3f2,2,199.0,2279,2970,13221498.11,76.73,0.002,99.49
52f6f9f13ba19504c02781132a049e75,1,199.0,2280,2970,13221498.11,76.77,0.002,99.49
e1bed63d68ac36fe1f3061befe196af5,1,199.0,2281,2970,13221498.11,76.8,0.002,99.49
e9874ae10b2d60d43917b6bbfa13a599,1,199.0,2282,2970,13221498.11,76.84,0.002,99.49
3d290fe363c60a77498c1126fd3fb8d3,3,198.98,2283,2970,13221498.11,76.87,0.002,99.5
e503f22be6a4f456d9851920a5d9c670,2,198.9,2284,2970,13221498.11,76.9,0.002,99.5
ad8b531ae67582f096925cff5630d0d1,2,198.45,2285,2970,13221498.11,76.94,0.002,99.5
586a871d4f1221763fddb6ceefdeb95e,1,198.0,2286,2970,13221498.11,76.97,0.001,99.5
d8dd176509baa37f359644d082bf7f7b,2,198.0,2287,2970,13221498.11,77.0,0.001,99.5
6f835fd4be26989b1b064399da346143,2,197.8,2288,2970,13221498.11,77.04,0.001,99.5
9da15f4a4ea758d9eeb49000dbe57e22,1,196.9,2289,2970,13221498.11,77.07,0.001,99.5
fe8055980a4ff7f64ed889c2b5926929,3,196.7,2290,2970,13221498.11,77.1,0.001,99.51
809413606dbfe5deefd2db646693ef67,3,196.68,2291,2970,13221498.11,77.14,0.001,99.51
8def3db7f272735afb2ecd03aeca09a7,2,196.0,2292,2970,13221498.11,77.17,0.001,99.51
0f7eea709efdf942b5f95c7516dbacd7,3,195.74,2293,2970,13221498.11,77.21,0.001,99.51
f356c348fbc8df6a882823e21f5ce8b7,2,195.18,2294,2970,13221498.11,77.24,0.001,99.51
9c54608f0996c32ae4743089d915f845,3,194.8,2295,2970,13221498.11,77.27,0.001,99.51
b5f49fe968dff6b112861e6cd8e192ef,1,194.7,2296,2970,13221498.11,77.31,0.001,99.52
7d948535954aaf8c5d39db007f74372e,4,194.0,2297,2970,13221498.11,77.34,0.001,99.52
f626e15b7314c267e4429010866f70e9,5,193.55,2298,2970,13221498.11,77.37,0.001,99.52
05e107217c7266362fd44b75b2cd4cc4,5,193.38,2299,2970,13221498.11,77.41,0.001,99.52
747c1cdcd1737dcfbd1547f6eb6f2cf3,2,193.1,2300,2970,13221498.11,77.44,0.001,99.52
4d9fea3499bdc22aa4da4e339365f215,2,192.54,2301,2970,13221498.11,77.47,0.001,99.52
78ba5933c21686d1c2f64669c8c459e7,2,191.8,2302,2970,13221498.11,77.51,0.001,99.52
f307937c1bb287c3efc2a514b94b0d1d,1,189.99,2303,2970,13221498.11,77.54,0.001,99.53
778323240ce2830d68aab11794e00bfb,3,189.98,2304,2970,13221498.11,77.58,0.001,99.53
43a1d4bab73b816e44ef4e4facd9f9b5,1,189.9,2305,2970,13221498.11,77.61,0.001,99.53
7cf4ea70955b00d6b3c22542598e2715,1,189.9,2306,2970,13221498.11,77.64,0.001,99.53
119c7f1a00ef43fad0e57604e76a747c,2,189.8,2307,2970,13221498.11,77.68,0.001,99.53
213fafb0ca06fb3d5886579c2565791b,3,189.7,2308,2970,13221498.11,77.71,0.001,99.53
299c89a525fee36c567f4fe72f038100,1,189.0,2309,2970,13221498.11,77.74,0.001,99.53
686886775c8f6b1191c7b953fb52708c,1,189.0,2310,2970,13221498.11,77.78,0.001,99.54
b00af24704019bd2e1b335e70ad11f7c,1,189.0,2311,2970,13221498.11,77.81,0.001,99.54
e0482f2c769468c3bbcd8a01e09d98c5,1,189.0,2312,2970,13221498.11,77.85,0.001,99.54
c360e4787614ed31ac7a2f95d3b22dc6,1,188.9,2313,2970,13221498.11,77.88,0.001,99.54
c0aff2da32c17759d30b22fb0af6649d,4,188.8,2314,2970,13221498.11,77.91,0.001,99.54
4c1c7281388a33dd06daac44f9fadbd1,5,188.32,2315,2970,13221498.11,77.95,0.001,99.54
a3b0df0065e264a91b7bbf5f844af5cd,2,186.69,2316,2970,13221498.11,77.98,0.001,99.54
3a79f35a2344ede41af21267f61d5ec6,1,186.0,2317,2970,13221498.11,78.01,0.001,99.55
eec3469d83e142f9a104886655338c37,4,185.7,2318,2970,13221498.11,78.05,0.001,99.55
9e7c5f4d7770eab65738cca38f9efccf,2,184.8,2319,2970,13221498.11,78.08,0.001,99.55
2075d8cd4dd63ff12df0749a5866bb06,3,184.7,2320,2970,13221498.11,78.11,0.001,99.55
7d484ca289afaac6bf5fc6a1e96d2226,2,183.2,2321,2970,13221498.11,78.15,0.001,99.55
c990d6cf976a5718aaedc539f383ab88,8,183.1,2322,2970,13221498.11,78.18,0.001,99.55
1c56ffe0e9dea2657fc6e95b53f40b13,3,183.0,2323,2970,13221498.11,78.22,0.001,99.55
23ca5f678e0b3ea6c630b30fa8bf51ea,6,183.0,2324,2970,13221498.11,78.25,0.001,99.56
3dfd3dc96f7f8598eca74e9ac8a2fa31,6,183.0,2325,2970,13221498.11,78.28,0.001,99.56
478bfe564db21eeb44386606aa30b650,3,182.7,2326,2970,13221498.11,78.32,0.001,99.56
5659d77e8d90378e39b960ad5956f64e,2,182.48,2327,2970,13221498.11,78.35,0.001,99.56
31e60bf8d103ce47932a85f5562deb16,1,181.0,2328,2970,13221498.11,78.38,0.001,99.56
8ca5b19e0263150d2c57afdde2b3d011,3,180.6,2329,2970,13221498.11,78.42,0.001,99.56
7ad41305e96a6cab8294cd65891e9a86,2,180.0,2330,2970,13221498.11,78.45,0.001,99.56
88cd3681e0a2ba85e190f7d817629c4c,1,180.0,2331,2970,13221498.11,78.48,0.001,99.56
94165aea8a35c3c21499cbcae239b16c,1,180.0,2332,2970,13221498.11,78.52,0.001,99.57
964ff64dc05b13811c6d0f41e0aa5f6b,1,180.0,2333,2970,13221498.11,78.55,0.001,99.57
9c57bc60cfad5ee62d35d3f1ce4593a1,1,180.0,2334,2970,13221498.11,78.59,0.001,99.57
9dd459b29a14bf89d47183cf2cd0e4c7,2,180.0,2335,2970,13221498.11,78.62,0.001,99.57
05ca864204d09595ae591b93ea9cf93d,1,179.9,2336,2970,13221498.11,78.65,0.001,99.57
3606774ec64634822d78dc2db6d37045,1,179.9,2337,2970,13221498.11,78.69,0.001,99.57
50bf89f1349bc0409a268c3a49678009,1,179.9,2338,2970,13221498.11,78.72,0.001,99.57
7f5e4d5efad7e44b91115dd1decb65f3,3,179.9,2339,2970,13221498.11,78.75,0.001,99.58
762ed976527cddf02787edba70fffa2a,3,179.8,2340,2970,13221498.11,78.79,0.001,99.58
2235cf78d3e2073a88146a9cb60f0dd0,1,178.99,2341,2970,13221498.11,78.82,0.001,99.58
880ce4951cf857ab1d9e0b75c1d856f4,1,178.9,2342,2970,13221498.11,78.86,0.001,99.58
f3975e8a41157005d4bcbb358678cd9b,2,178.8,2343,2970,13221498.11,78.89,0.001,99.58
6f1a1263039c76e68f40a8e536b1da6a,2,178.69,2344,2970,13221498.11,78.92,0.001,99.58
57fe6232e67823593374a2281d7a8af8,8,178.68,2345,2970,13221498.11,78.96,0.001,99.58
1352e06ae67b410cdae0b2a22361167b,2,178.0,2346,2970,13221498.11,78.99,0.001,99.59
19e0f40a907ec568c34bfac15de4f4a1,4,178.0,2347,2970,13221498.11,79.02,0.001,99.59
ab9db4cf53b08b828b64dccaafc2d9f0,4,177.78,2348,2970,13221498.11,79.06,0.001,99.59
2d2322d842118867781fc737e96d59a1,8,176.4,2349,2970,13221498.11,79.09,0.001,99.59
a0a14e50070f3225b3eabba5b85da517,4,176.2,2350,2970,13221498.11,79.12,0.001,99.59
c353f8fc0ce8344999f17d578eb69a5e,2,175.98,2351,2970,13221498.11,79.16,0.001,99.59
cbbd5ae8f53de5f5097cd8217b529e24,1,175.9,2352,2970,13221498.11,79.19,0.001,99.59
485452467ff670447e84a8370c3fc898,3,175.7,2353,2970,13221498.11,79.23,0.001,99.59
4dc2e811a1760953cb7c6a590b498943,1,175.0,2354,2970,13221498.11,79.26,0.001,99.6
b906dd0e57f282c7089171b6ed07982e,2,175.0,2355,2970,13221498.11,79.29,0.001,99.6
f92d8c817434bd2d84d4e9c61322b7fa,5,174.84,2356,2970,13221498.11,79.33,0.001,99.6
23ff42c4bf1f8f16cddb19d8b972974a,2,174.7,2357,2970,13221498.11,79.36,0.001,99.6
dd9661d3cda1e6feb237f0c4d8b26f2e,1,174.0,2358,2970,13221498.11,79.39,0.001,99.6
0692610d8abe24f287e9fae90ea0bbee,4,173.99,2359,2970,13221498.11,79.43,0.001,99.6
99a25c39b28a74d1151c35c18d178292,1,173.94,2360,2970,13221498.11,79.46,0.001,99.6
aae5953b9edddf14749c0d65d60eb4b9,2,173.0,2361,2970,13221498.11,79.49,0.001,99.6
ccada0ef508e698917a6eab263375905,3,172.8,2362,2970,13221498.11,79.53,0.001,99.61
50770d25768b0486d89be26afca3108f,6,171.77,2363,2970,13221498.11,79.56,0.001,99.61
3ea08c48e851106d2f584349daba335f,1,170.0,2364,2970,13221498.11,79.6,0.001,99.61
55c96925041a14097b6a7825554f4ad5,5,170.0,2365,2970,13221498.11,79.63,0.001,99.61
e1643dff33666ca629e3644c02738179,3,170.0,2366,2970,13221498.11,79.66,0.001,99.61
5ca5d579b5857ee8709479b1047cecc3,1,169.99,2367,2970,13221498.11,79.7,0.001,99.61
7fe21dd00d2f4943ae09525efa2fd674,2,169.8,2368,2970,13221498.11,79.73,0.001,99.61
695051e2981c8b19e77cafe450d5bdf3,1,169.76,2369,2970,13221498.11,79.76,0.001,99.62
b01c2b7b8599b325103ebcddc67413e1,4,169.45,2370,2970,13221498.11,79.8,0.001,99.62
d9c349beabc06aa6ff1c6d68b5e9e22e,1,168.1,2371,2970,13221498.11,79.83,0.001,99.62
c7c7b2682c648339a0e9846bb1023a39,2,168.0,2372,2970,13221498.11,79.87,0.001,99.62
51a04a8a6bdcb23deccc82b0b80742cf,1,167.99,2373,2970,13221498.11,79.9,0.001,99.62
7178e1eaa97257d8b6d4b80efd77a025,1,167.9,2374,2970,13221498.11,79.93,0.001,99.62
89d9a386b0b6e5fc8403071b03f7206a,2,167.0,2375,2970,13221498.11,79.97,0.001,99.62
1d1bbb8ac1581824986f582583fff01d,4,166.88,2376,2970,13221498.11,80.0,0.001,99.62
1e483cc5c76fef08d3ca05f9a8af7d01,9,166.09,2377,2970,13221498.11,80.03,0.001,99.63
1cbdc7cf130a41fd13a3c2a7d2fcfda7,2,165.8,2378,2970,13221498.11,80.07,0.001,99.63
2ea0861cc19e94cad86438c984c52da4,6,165.6,2379,2970,13221498.11,80.1,0.001,99.63
33d677f27a69b84051204ee4ae76eaca,9,165.0,2380,2970,13221498.11,80.13,0.001,99.63
76d336555bb25f3165d2f0d6da719c40,1,165.0,2381,2970,13221498.11,80.17,0.001,99.63
bd4ff04377f974574f7f0bf9d6ce7dde,4,164.96,2382,2970,13221498.11,80.2,0.001,99.63
e45edf75f568ed2f93f78d060e246e25,6,164.3,2383,2970,13221498.11,80.24,0.001,99.63
98e164d549402270247f3c96a1a158ef,2,162.7,2384,2970,13221498.11,80.27,0.001,99.63
f19516b9ff26bfeb091b30108db4ddbd,3,162.7,2385,2970,13221498.11,80.3,0.001,99.64
fa5fdc4e4bb6bd1009ad0e4ac4096562,1,161.99,2386,2970,13221498.11,80.34,0.001,99.64
bff9deb0ec77d437f3305a79cf25529e,5,161.95,2387,2970,13221498.11,80.37,0.001,99.64
3442033154be05bac582e173ef54fd12,1,161.0,2388,2970,13221498.11,80.4,0.001,99.64
d3e7d37c0df9aef383f3f2a15b0dddfb,1,161.0,2389,2970,13221498.11,80.44,0.001,99.64
d9d43faf741ceaa8da52fdbb81d9e0e3,4,161.0,2390,2970,13221498.11,80.47,0.001,99.64
fc6295add6f51a0936407ead70c1001d,1,160.0,2391,2970,13221498.11,80.51,0.001,99.64
533d46c1b06970e99f09523a61df4972,2,159.98,2392,2970,13221498.11,80.54,0.001,99.64
aa2640d851ec322526f1295bbeb20092,1,159.98,2393,2970,13221498.11,80.57,0.001,99.65
2039c5e51785b5dde7cf93ccb3b7be2c,1,159.9,2394,2970,13221498.11,80.61,0.001,99.65
913fd0ebba70bb919f7254a02239173c,1,159.9,2395,2970,13221498.11,80.64,0.001,99.65
fc0b214b59a83615fea981c6424a02ae,1,159.9,2396,2970,13221498.11,80.67,0.001,99.65
2ec6e37d992a95eaddb3369dcbcc76d9,2,159.8,2397,2970,13221498.11,80.71,0.001,99.65
4bde6149c15cf7e177b36fa060dd6de8,2,159.8,2398,2970,13221498.11,80.74,0.001,99.65
6902157ee16728322d61a1321fa79e58,2,159.8,2399,2970,13221498.11,80.77,0.001,99.65
99cd94252748d2bdde08e17858233602,2,159.8,2400,2970,13221498.11,80.81,0.001,99.65
b7e1750c1157341d2abd0251e07c186b,3,159.6,2401,2970,13221498.11,80.84,0.001,99.65
0ade5cc4a305ed7093a23f68ca47519c,2,158.88,2402,2970,13221498.11,80.88,0.001,99.66
954e95f20808d7e5d11f0de292d078e0,3,158.78,2403,2970,13221498.11,80.91,0.001,99.66
c04d70d515d15a7e3db3a73320598566,3,158.2,2404,2970,13221498.11,80.94,0.001,99.66
98dddbc4601dd4443ca174359b237166,2,158.0,2405,2970,13221498.11,80.98,0.001,99.66
ce3ad9de960102d0677a81f5d0bb7b2d,1,158.0,2406,2970,13221498.11,81.01,0.001,99.66
f1ce5fdecd64935c28b9ff932751d0dc,2,158.0,2407,2970,13221498.11,81.04,0.001,99.66
d2df77822373f19934e87694d8640767,2,155.9,2408,2970,13221498.11,81.08,0.001,99.66
dde698c6d0bd24834c586e5111c2bba7,1,155.9,2409,2970,13221498.11,81.11,0.001,99.66
b9de031b671cd48b28fae9d828cbf2b4,1,155.32,2410,2970,13221498.11,81.14,0.001,99.67
3c88ed2e76a2247933a15daa7161eb1c,1,155.0,2411,2970,13221498.11,81.18,0.001,99.67
4dab98ca6cd6d3df586203cefd28a042,1,154.9,2412,2970,13221498.11,81.21,0.001,99.67
f664f98bfda2eaf266a23ff144e7a872,2,153.99,2413,2970,13221498.11,81.25,0.001,99.67
90b36c5aeb728d5504a39f435bef0c5f,4,153.89,2414,2970,13221498.11,81.28,0.001,99.67
0b09101900100c0e9d312861fad5a1b9,1,153.75,2415,2970,13221498.11,81.31,0.001,99.67
6601ee6383e7f452be71929f8de48bbb,2,153.6,2416,2970,13221498.11,81.35,0.001,99.67
d26aa40b90272d4843d63be7c1462c8d,2,152.9,2417,2970,13221498.11,81.38,0.001,99.67
78813699ffac347fe27dba345a5f1551,1,152.42,2418,2970,13221498.11,81.41,0.001,99.67
4ddeb3e828550cddc8d45c8bc36ab2d1,1,152.0,2419,2970,13221498.11,81.45,0.001,99.68
56f413900b5166ab4d730e9ac0b12cb0,3,151.79,2420,2970,13221498.11,81.48,0.001,99.68
bd0a1b0aadca9a83d9304f7e8ff5fbd5,4,150.6,2421,2970,13221498.11,81.52,0.001,99.68
2d34636518ba88f5349b732fcf8ba2e4,1,150.0,2422,2970,13221498.11,81.55,0.001,99.68
3dc69bf2c42f0568a5c4791ec3fd3745,1,150.0,2423,2970,13221498.11,81.58,0.001,99.68
4867209cb29b56b92893d7bde3ce8012,1,150.0,2424,2970,13221498.11,81.62,0.001,99.68
578fa3a9cb6b6dceab39231ad59cdaca,3,150.0,2425,2970,13221498.11,81.65,0.001,99.68
c398bc00a606d33758afd91f4e64fd15,2,150.0,2426,2970,13221498.11,81.68,0.001,99.68
1e47d8b6546eb3a77b1acddcc9406242,1,149.9,2427,2970,13221498.11,81.72,0.001,99.69
49f8d2ea7b718d0ce587d34207caf2b4,1,149.9,2428,2970,13221498.11,81.75,0.001,99.69
f266295f49a28eee21f413e0cbb0521d,2,149.8,2429,2970,13221498.11,81.78,0.001,99.69
6ba4733aa33f6386e9fb0c0fd3993b38,3,149.79,2430,2970,13221498.11,81.82,0.001,99.69
3d700782d7818f2c1e0d7a9e9d75fc00,3,149.7,2431,2970,13221498.11,81.85,0.001,99.69
63272377184e969942f7fff221be858d,2,149.7,2432,2970,13221498.11,81.89,0.001,99.69
d8b8f2cf9ff6ba0389072541cb42498c,1,149.0,2433,2970,13221498.11,81.92,0.001,99.69
e00d85ce20ea50c1224c66ca5050527d,1,149.0,2434,2970,13221498.11,81.95,0.001,99.69
f35becee938e982bd615edf8ef12bcfb,6,148.59,2435,2970,13221498.11,81.99,0.001,99.69
8fbe2ee446b97e128471be4ce983dc0d,3,148.5,2436,2970,13221498.11,82.02,0.001,99.7
ca7c6bd577e559472af1c699de9e764e,6,148.0,2437,2970,13221498.11,82.05,0.001,99.7
7d7866a99a8656a42c7ff6352a433410,5,147.89,2438,2970,13221498.11,82.09,0.001,99.7
2a7c6c0b0d5efde2bf75ec1e1cec2d41,3,147.6,2439,2970,13221498.11,82.12,0.001,99.7
6ee85be3693ed79a8e80718743d80655,5,147.5,2440,2970,13221498.11,82.15,0.001,99.7
9523fb39dd240aa958e040f8183d64f3,1,146.99,2441,2970,13221498.11,82.19,0.001,99.7
0b3f27369a4d8df98f7eb91077e438ac,2,146.51,2442,2970,13221498.11,82.22,0.001,99.7
4bcec44888b30ba9001234c534716d3f,5,146.0,2443,2970,13221498.11,82.26,0.001,99.7
398cb257329ef7af7f1943a8974a3cbc,1,145.9,2444,2970,13221498.11,82.29,0.001,99.7
8e34331b7eedd03be4e5d965c1956225,5,145.0,2445,2970,13221498.11,82.32,0.001,99.71
f3041c2e75ec683697a6a5ea82192210,1,145.0,2446,2970,13221498.11,82.36,0.001,99.71
0daf5180aa44356f60f8effa533b55a2,2,144.8,2447,2970,13221498.11,82.39,0.001,99.71
553a440137d6e0cf776aee0bb83ac9f5,2,144.8,2448,2970,13221498.11,82.42,0.001,99.71
4a82c4af97ffc0fb2dc26bfdc03b1842,3,143.7,2449,2970,13221498.11,82.46,0.001,99.71
c8143b3069f6746a77421b5ce30a450c,1,142.47,2450,2970,13221498.11,82.49,0.001,99.71
2f9b7ce230a057a98a9f5df5893ee36c,2,141.82,2451,2970,13221498.11,82.53,0.001,99.71
d3891911c2feae53c52fea2bd14054e5,2,141.0,2452,2970,13221498.11,82.56,0.001,99.71
0e72c1a751b496722a6cb1f10653b62a,3,140.8,2453,2970,13221498.11,82.59,0.001,99.71
50a7e551a7b3f8d37cd6e32d8bfbe5ea,1,140.0,2454,2970,13221498.11,82.63,0.001,99.71
52a50b42accf164f9f019941e5759d9b,4,139.96,2455,2970,13221498.11,82.66,0.001,99.72
19d62d484cba71963c93f0f00ab42013,1,139.9,2456,2970,13221498.11,82.69,0.001,99.72
d8bf0fc082fd4a77fc2e5679b6c00133,1,139.9,2457,2970,13221498.11,82.73,0.001,99.72
fa8d335d68129e464e60c1826a683e96,1,139.9,2458,2970,13221498.11,82.76,0.001,99.72
e8ff5a6ceb895583033fc2a0f314e3c2,1,139.89,2459,2970,13221498.11,82.79,0.001,99.72
1b0b0f4f95e962d6f32fe90c759d0479,2,139.8,2460,2970,13221498.11,82.83,0.001,99.72
59bbc819b99a733f02f0d6b49d1c253d,2,139.8,2461,2970,13221498.11,82.86,0.001,99.72
a154d7316f158bb42e6fa18bbe3afd3a,2,139.8,2462,2970,13221498.11,82.9,0.001,99.72
6a53b90c3ad9e0b56d9fe5c69165fff5,2,139.78,2463,2970,13221498.11,82.93,0.001,99.72
657969cca82e884d272385ec0ef06edd,3,139.7,2464,2970,13221498.11,82.96,0.001,99.73
63b9ae557efed31d1f7687917d248a8d,5,139.5,2465,2970,13221498.11,83.0,0.001,99.73
26e2e5033827d2ba53929f43e03d8ffe,1,139.49,2466,2970,13221498.11,83.03,0.001,99.73
4a5b36211b1f51bf7eaa5c10a57fa483,1,139.19,2467,2970,13221498.11,83.06,0.001,99.73
57a834594e1e9e9219603bfec184eadc,1,139.0,2468,2970,13221498.11,83.1,0.001,99.73
5a9b3bcab695173c820e53934574ae80,1,139.0,2469,2970,13221498.11,83.13,0.001,99.73
712efd3b68f9686dc856b84abd0f21ae,1,139.0,2470,2970,13221498.11,83.16,0.001,99.73
c747d5b92c7648417faea95d36d763e8,1,139.0,2471,2970,13221498.11,83.2,0.001,99.73
f114dca2828bf718548db175ebe2cfcd,1,139.0,2472,2970,13221498.11,83.23,0.001,99.73
f049a72cf58fd31b11f8919cade515e7,3,138.75,2473,2970,13221498.11,83.27,0.001,99.73
717b78b0950b51ed00b1471d858b0edc,5,138.6,2474,2970,13221498.11,83.3,0.001,99.74
96f7c797de9ca20efbe14545bed63eec,1,138.6,2475,2970,13221498.11,83.33,0.001,99.74
044668ccd5316b12a7cf0d54a156e3e9,3,137.8,2476,2970,13221498.11,83.37,0.001,99.74
0b64bcdb0784abc139af04077d49a20e,4,137.6,2477,2970,13221498.11,83.4,0.001,99.74
ea846a0e7ad98a741783e886d89dfa44,2,137.0,2478,2970,13221498.11,83.43,0.001,99.74
b7ba853e9551f4558440881fd3e5c815,1,136.9,2479,2970,13221498.11,83.47,0.001,99.74
db6a4d4b5f1f5f98820ce6ce2619e2de,1,135.99,2480,2970,13221498.11,83.5,0.001,99.74
377bc18334c78dd2f1535ef22a3ad225,1,135.98,2481,2970,13221498.11,83.54,0.001,99.74
dd39ad39b5d3df33037e141c72497ba6,2,135.8,2482,2970,13221498.11,83.57,0.001,99.74
e3e290b38963293022cdcd6db8328103,3,135.7,2483,2970,13221498.11,83.6,0.001,99.75
59de1d4c8c057c2a53acd4ca66531af2,1,135.0,2484,2970,13221498.11,83.64,0.001,99.75
7c4adcc13272c0e26fa23aac642adb7b,2,135.0,2485,2970,13221498.11,83.67,0.001,99.75
83c8aafbefb034674a70de0eac5b8954,2,134.9,2486,2970,13221498.11,83.7,0.001,99.75
5def4c3732941a971cba8fdee992ede1,5,134.8,2487,2970,13221498.11,83.74,0.001,99.75
92c8bc6e8f925792247656fed09aad65,2,134.8,2488,2970,13221498.11,83.77,0.001,99.75
c5e60e39c0f42b8e827daa13cff74afa,6,134.0,2489,2970,13221498.11,83.8,0.001,99.75
8e4f041ff58e7845456d3482524014b3,2,133.8,2490,2970,13221498.11,83.84,0.001,99.75
062c325cd6a2b87845fab56b4ec2eeae,2,133.22,2491,2970,13221498.11,83.87,0.001,99.75
c87abc38c8ed3240861729e1aeadf221,1,133.0,2492,2970,13221498.11,83.91,0.001,99.75
7adbd3210a7b3cc2235e225eef33574d,3,131.9,2493,2970,13221498.11,83.94,0.001,99.76
fedf2c1386e137f296b3bbf3b635e69d,2,131.74,2494,2970,13221498.11,83.97,0.001,99.76
a218df5c097b0ca409cfaac1488cc7f6,4,130.69,2495,2970,13221498.11,84.01,0.001,99.76
939f6e231201f26803cb5c3a3d2940b3,3,130.6,2496,2970,13221498.11,84.04,0.001,99.76
2f3d8b4c9e2ee165075331fea3f3095a,1,130.0,2497,2970,13221498.11,84.07,0.001,99.76
9fe7c6641c79970ab48185498f547c09,1,130.0,2498,2970,13221498.11,84.11,0.001,99.76
dc120d932ddf9d4dfb6fd68beefda622,1,130.0,2499,2970,13221498.11,84.14,0.001,99.76
0f80a40c312b2472dca482cf50f5186f,1,129.9,2500,2970,13221498.11,84.18,0.001,99.76
b6f52e346160519c24a23af05410ad32,1,129.9,2501,2970,13221498.11,84.21,0.001,99.76
e5def42655b7490edac5a56fe8e9e603,1,129.9,2502,2970,13221498.11,84.24,0.001,99.76
44ed138eca6214d572ce1d813fb0049b,2,129.79,2503,2970,13221498.11,84.28,0.001,99.77
45c20d94d9171b0bcfab3c955e47d67b,4,129.46,2504,2970,13221498.11,84.31,0.001,99.77
e4fc40017a6d22c46a14ac2e17f87c3e,1,129.0,2505,2970,13221498.11,84.34,0.001,99.77
ef728fa1f17436c91ed1ccd03dcf9631,3,128.7,2506,2970,13221498.11,84.38,0.001,99.77
538caafddff204241cecbf3a02e6b3cf,8,128.4,2507,2970,13221498.11,84.41,0.001,99.77
5bc237df65098fe211bb4818f4d26d78,2,126.8,2508,2970,13221498.11,84.44,0.001,99.77
7c9130f5f3729edd32aa059141d92484,3,126.0,2509,2970,13221498.11,84.48,0.001,99.77
934ed5cd1b9c1c7382d0a94a94b9e639,1,125.85,2510,2970,13221498.11,84.51,0.001,99.77
788f22bafdd7ab0e1e79f19db72f16a4,2,125.8,2511,2970,13221498.11,84.55,0.001,99.77
570d4583587a5fe2d47c7be89b91ad27,2,125.25,2512,2970,13221498.11,84.58,0.001,99.77
57df9869a600bd6b7c405f2a862eccfb,5,125.0,2513,2970,13221498.11,84.61,0.001,99.77
c092292535a57dacd95a8765f5518f87,1,125.0,2514,2970,13221498.11,84.65,0.001,99.78
ff82e8873fba613f2261a9acc896fd84,4,124.6,2515,2970,13221498.11,84.68,0.001,99.78
693660429f9dc4ff704eb3d88dad54d7,2,124.0,2516,2970,13221498.11,84.71,0.001,99.78
08061dc0fc165ed41288cc7acde738ee,4,123.8,2517,2970,13221498.11,84.75,0.001,99.78
902c99f1ac505c0d18778b61bcd636f7,3,123.47,2518,2970,13221498.11,84.78,0.001,99.78
8d92f3ea807b89465643c219455e7369,3,121.2,2519,2970,13221498.11,84.81,0.001,99.78
89757206b887aed36f3e18d858460fea,2,120.5,2520,2970,13221498.11,84.85,0.001,99.78
876182d1918783bbe15233febfbd4926,3,120.27,2521,2970,13221498.11,84.88,0.001,99.78
003554e2dce176b5555353e4f3555ac8,1,120.0,2522,2970,13221498.11,84.92,0.001,99.78
1927cdb9fa74f5270097f6250e8e8f34,1,120.0,2523,2970,13221498.11,84.95,0.001,99.78
698f5fa55a5f73d0740e9d9a773e8093,4,120.0,2524,2970,13221498.11,84.98,0.001,99.79
7994081388d55b9cf976c050653dd359,1,120.0,2525,2970,13221498.11,85.02,0.001,99.79
a353b1083c9863d756d9404695016d64,1,120.0,2526,2970,13221498.11,85.05,0.001,99.79
bba8d0c234a52b87b3957037a215d1a4,1,120.0,2527,2970,13221498.11,85.08,0.001,99.79
bdf0d02d36a1d839d0c39c4a887cdd49,5,120.0,2528,2970,13221498.11,85.12,0.001,99.79
35281d148dcf7134bae913c57db4e6da,1,119.99,2529,2970,13221498.11,85.15,0.001,99.79
3903c788ded8dc03b5ebab37a2f3e9a1,5,119.98,2530,2970,13221498.11,85.19,0.001,99.79
07a9bc7f61396b658ddf3ac534efe44c,1,119.9,2531,2970,13221498.11,85.22,0.001,99.79
674207551483fec113276b67b0d871ff,1,119.9,2532,2970,13221498.11,85.25,0.001,99.79
7c4402417d51474d4d0cda9557340e40,1,119.9,2533,2970,13221498.11,85.29,0.001,99.79
a150c540f572d0fb53992264bc5c10b5,1,119.9,2534,2970,13221498.11,85.32,0.001,99.79
d1aa1ec0839dcab73a6161130eb1f94a,1,119.9,2535,2970,13221498.11,85.35,0.001,99.8
e9b6c33b71b67737693b4cfa68341c8d,1,119.9,2536,2970,13221498.11,85.39,0.001,99.8
be1e9e378700cecaa4ebf71433d7915c,2,119.89,2537,2970,13221498.11,85.42,0.001,99.8
8eb88b0acb3f90a717ad659221471fa7,2,119.8,2538,2970,13221498.11,85.45,0.001,99.8
910a922b426b7ff95eaee129ad6c0e1f,2,119.8,2539,2970,13221498.11,85.49,0.001,99.8
bf0045791395e66460eb04749c68672a,2,119.8,2540,2970,13221498.11,85.52,0.001,99.8
26e13b6ff5b641b329e5524241ee2c93,4,119.7,2541,2970,13221498.11,85.56,0.001,99.8
a9b533a26e898b12e8b8d4c07279bf4d,4,119.6,2542,2970,13221498.11,85.59,0.001,99.8
22c32ec35d0116ef02c281798a25bf8b,4,119.58,2543,2970,13221498.11,85.62,0.001,99.8
36f98ad67cc981f50ce8aed093d5783c,2,119.4,2544,2970,13221498.11,85.66,0.001,99.8
fc38b5dceee1a730fad8853453437fbd,5,119.2,2545,2970,13221498.11,85.69,0.001,99.8
fc908879b9ca1bd65419e54e50432d38,4,119.2,2546,2970,13221498.11,85.72,0.001,99.8
e82de6494d91d3c4c54450f59b227a94,3,118.9,2547,2970,13221498.11,85.76,0.001,99.81
fd312b6bf05efac6c3772d5b52205d8a,2,118.7,2548,2970,13221498.11,85.79,0.001,99.81
e9c2dc0dd4ac38448289be644ac94f42,3,118.39,2549,2970,13221498.11,85.82,0.001,99.81
4c60877808f4318ef1107fbeb8f89afa,2,118.0,2550,2970,13221498.11,85.86,0.001,99.81
aa1eb17b9fdf6dfd546e25c45c7b9235,3,117.99,2551,2970,13221498.11,85.89,0.001,99.81
fc5a0d7a310a7a41abf86a458585ff2b,1,117.9,2552,2970,13221498.11,85.93,0.001,99.81
40ec8ab6cdafbcc4f544da38c67da39a,2,117.8,2553,2970,13221498.11,85.96,0.001,99.81
b416191c9813d821a295cfabafff4161,2,117.8,2554,2970,13221498.11,85.99,0.001,99.81
13dd308f81fea30cc670c656b2b46cc3,3,117.7,2555,2970,13221498.11,86.03,0.001,99.81
9bade61a92bed55a25d2b67b9f4ed739,2,117.68,2556,2970,13221498.11,86.06,0.001,99.81
bca9230d3bbb4efa51872bf605a2f1ad,5,117.57,2557,2970,13221498.11,86.09,0.001,99.81
781a66c0d89e30814d49fe8b5e14cd07,1,115.0,2558,2970,13221498.11,86.13,0.001,99.82
93bef6edaa84956e8e575016449b6351,1,115.0,2559,2970,13221498.11,86.16,0.001,99.82
9bf11dfc0bec77e5a23028043c3c5a8f,1,115.0,2560,2970,13221498.11,86.2,0.001,99.82
039b29ff3b3473435d0cd59040575de9,9,114.9,2561,2970,13221498.11,86.23,0.001,99.82
8c351ed7c326c62123318f4f3246e906,2,114.9,2562,2970,13221498.11,86.26,0.001,99.82
296729ffb9b684050dd24836dac4494a,2,114.0,2563,2970,13221498.11,86.3,0.001,99.82
cd52a8efd71af3336b14b5039b951cc1,2,111.8,2564,2970,13221498.11,86.33,0.001,99.82
4c4d546adf3c3868fe19c9ec6e9ffda9,2,111.7,2565,2970,13221498.11,86.36,0.001,99.82
818d28f936e791926d33bcb6ee94ef79,4,111.6,2566,2970,13221498.11,86.4,0.001,99.82
28d162ab86bb49d719c32f0ee6186eaa,1,109.99,2567,2970,13221498.11,86.43,0.001,99.82
2c9005d8043aff18b8557ffb7b13cda4,1,109.9,2568,2970,13221498.11,86.46,0.001,99.82
4be9ae93c4fc0f41713d71a4194ee1b3,1,109.9,2569,2970,13221498.11,86.5,0.001,99.83
e732329483fd5f27367dd997b47f598a,1,109.9,2570,2970,13221498.11,86.53,0.001,99.83
7bb8fac2913a6064ec412e583c6d8b4d,1,109.0,2571,2970,13221498.11,86.57,0.001,99.83
db7ed69a53aa9fb1c01930ba54a88bbe,1,109.0,2572,2970,13221498.11,86.6,0.001,99.83
4cc43a222a0f94910728b62b97a8c5f8,1,108.5,2573,2970,13221498.11,86.63,0.001,99.83
bb3dca718920a4d7ec3cc9ffb025108b,2,108.0,2574,2970,13221498.11,86.67,0.001,99.83
e88165a185134e13fdfc85d4fa654db8,2,108.0,2575,2970,13221498.11,86.7,0.001,99.83
941554c5757b73ba0e50aa7732310afc,3,107.69,2576,2970,13221498.11,86.73,0.001,99.83
c26ba52cf8d2f34915f2f6b7ffa0a3f3,3,107.47,2577,2970,13221498.11,86.77,0.001,99.83
44717f64ec2a457979cf83c429077666,2,107.0,2578,2970,13221498.11,86.8,0.001,99.83
077c5fae4bea9500e3737b16f71b9d3a,4,106.8,2579,2970,13221498.11,86.84,0.001,99.83
a69aa24cec11168e7e39a3fbc727e925,3,105.97,2580,2970,13221498.11,86.87,0.001,99.83
271b8923c6a549e02d3c9fd1f8c0422b,1,105.19,2581,2970,13221498.11,86.9,0.001,99.83
3d2400ac620cffa23ac81bd192f7f555,1,105.0,2582,2970,13221498.11,86.94,0.001,99.84
3bb32fedaa74e4ad20f4ce067733bd31,2,103.7,2583,2970,13221498.11,86.97,0.001,99.84
62de60d81c55c29d76a6bce418b31cef,1,103.0,2584,2970,13221498.11,87.0,0.001,99.84
461ff5303b6c9c1a4a07f40c5aece516,3,102.7,2585,2970,13221498.11,87.04,0.001,99.84
ab91571efab27993ff2f6b36e38055c3,3,102.24,2586,2970,13221498.11,87.07,0.001,99.84
160851d3ece7aa1a510f8d1a4bb8a8af,2,102.05,2587,2970,13221498.11,87.1,0.001,99.84
be67f78487e2cecb0d55bc769709e4f5,1,102.0,2588,2970,13221498.11,87.14,0.001,99.84
96e5dc09087bad639b4ee193104ec2e5,2,101.9,2589,2970,13221498.11,87.17,0.001,99.84
4fae87d32467e18eb46e4a76a0a0b9ce,1,100.9,2590,2970,13221498.11,87.21,0.001,99.84
a4fc6eadaff1576af888509a53420f6a,1,100.86,2591,2970,13221498.11,87.24,0.001,99.84
011b0eaba87386a2ae96a7d32bb531d1,1,99.98,2592,2970,13221498.11,87.27,0.001,99.84
79b93a308a97792cf53ac75f46da00b5,1,99.9,2593,2970,13221498.11,87.31,0.001,99.84
80cfd480be3eb6d6267139f5cb793555,1,99.9,2594,2970,13221498.11,87.34,0.001,99.84
2d20f1cd18725c91147da0791d498022,1,99.8,2595,2970,13221498.11,87.37,0.001,99.85
247587846358bb1d2e4c6522020b36fe,1,99.0,2596,2970,13221498.11,87.41,0.001,99.85
26562f211dd1364af2a8596dc945e8ae,2,99.0,2597,2970,13221498.11,87.44,0.001,99.85
a7c53f6b3b61adbdaa99dda97e8cbd56,1,99.0,2598,2970,13221498.11,87.47,0.001,99.85
aa8af66c623d7d544dfe4bb85b5ebe3b,1,99.0,2599,2970,13221498.11,87.51,0.001,99.85
1fbe10c70e30765ed1de86d9f7e98409,2,98.75,2600,2970,13221498.11,87.54,0.001,99.85
00ab3eff1b5192e5f1a63bcecfee11c8,1,98.0,2601,2970,13221498.11,87.58,0.001,99.85
4e42581f08e8cfc7c090f930bac4552a,1,98.0,2602,2970,13221498.11,87.61,0.001,99.85
5f57db27027655e6c6a391601daa0258,1,98.0,2603,2970,13221498.11,87.64,0.001,99.85
eaaa46e98c9e61f6764dd1d7a2ab8b3e,1,98.0,2604,2970,13221498.11,87.68,0.001,99.85
1c742ac33582852aaf3bcfbf5893abcf,1,97.9,2605,2970,13221498.11,87.71,0.001,99.85
74c7dec0a384d8a05950e629bd23bde9,4,97.78,2606,2970,13221498.11,87.74,0.001,99.85
c7bb64409aa480bb7d0335faaaf3d242,4,97.6,2607,2970,13221498.11,87.78,0.001,99.85
70126eecc6aa1274392a1743866e9678,3,97.4,2608,2970,13221498.11,87.81,0.001,99.86
782f78b632a43875dd5b53e3e49c9564,1,97.34,2609,2970,13221498.11,87.85,0.001,99.86
270572bb714b00531be85e16e1550f26,1,96.99,2610,2970,13221498.11,87.88,0.001,99.86
034b9387752bfa309f350a70cd45ffa3,8,96.0,2611,2970,13221498.11,87.91,0.001,99.86
f43827dd686be3a4a80e00aa299990fb,1,95.54,2612,2970,13221498.11,87.95,0.001,99.86
22a23e5ac7061fc538cc2a019afaaf16,1,95.0,2613,2970,13221498.11,87.98,0.001,99.86
623ad9d0c1e14bb5464a8c72bff7b4af,1,95.0,2614,2970,13221498.11,88.01,0.001,99.86
74a9b9bddf14ece02beb81f52c41a88d,2,95.0,2615,2970,13221498.11,88.05,0.001,99.86
253c025bab43881055aeecde5e2d8b77,2,94.82,2616,2970,13221498.11,88.08,0.001,99.86
43b2c864251aa0ce4030c746984e088a,2,94.8,2617,2970,13221498.11,88.11,0.001,99.86
443d880f15cbd3572885e1d44bf2c478,1,94.8,2618,2970,13221498.11,88.15,0.001,99.86
7a704e63bb29c446869efde5d57524c8,1,94.49,2619,2970,13221498.11,88.18,0.001,99.86
6235903333ba7de1928c869e268e5964,1,94.06,2620,2970,13221498.11,88.22,0.001,99.86
2aafae69bf4c41fbd94053d9413e87ee,2,94.0,2621,2970,13221498.11,88.25,0.001,99.86
376d67b61dce0c990155286e7ae486a4,1,94.0,2622,2970,13221498.11,88.28,0.001,99.87
5305693ffae2d3463377b1f6fe67b15a,1,93.56,2623,2970,13221498.11,88.32,0.001,99.87
6b2612338467c08c9b25f0cc55b1578d,1,92.9,2624,2970,13221498.11,88.35,0.001,99.87
01266d4c46afa519678d16a8b683d325,3,90.25,2625,2970,13221498.11,88.38,0.001,99.87
1cbcd2ee0afb3fc09963b87eb65e7e4f,1,90.0,2626,2970,13221498.11,88.42,0.001,99.87
52b53f7061969fe471d119b6195da864,1,90.0,2627,2970,13221498.11,88.45,0.001,99.87
f8f35af4634605e6693c17cc3ffff5a8,1,90.0,2628,2970,13221498.11,88.48,0.001,99.87
6d04126aba80df143fd038e711b8fd96,1,89.99,2629,2970,13221498.11,88.52,0.001,99.87
d7d517afce974cd491b8d52bb5b5b1fc,1,89.99,2630,2970,13221498.11,88.55,0.001,99.87
8dd386be0767c330276ea6a3f96532d3,1,89.98,2631,2970,13221498.11,88.59,0.001,99.87
741f8c587cb4248ebc5b779a0e8e0e51,5,89.95,2632,2970,13221498.11,88.62,0.001,99.87
154bdf805377afea75a3bd158e9eab10,1,89.9,2633,2970,13221498.11,88.65,0.001,99.87
2bdb95a56a36ebbc6640337ac5eac174,1,89.9,2634,2970,13221498.11,88.69,0.001,99.87
4aba6a02a788d3ec81c03137144d9a80,1,89.9,2635,2970,13221498.11,88.72,0.001,99.87
889009a0ed0bb52c87819941192931b8,1,89.9,2636,2970,13221498.11,88.75,0.001,99.87
97e50a621f8e801f4baf69e08687c192,1,89.9,2637,2970,13221498.11,88.79,0.001,99.88
a72f15980dc3e9bfd1a49ac9b2f3af65,1,89.9,2638,2970,13221498.11,88.82,0.001,99.88
5741dc2bf5044c34d0698681c5081bed,3,89.7,2639,2970,13221498.11,88.86,0.001,99.88
b8d890108a7a80e4f5d59eea9f362438,2,89.7,2640,2970,13221498.11,88.89,0.001,99.88
6624bc09786f0e41ae48dfc5eeb1a9e2,1,89.54,2641,2970,13221498.11,88.92,0.001,99.88
499185655c29ecfdbfe776ef7cf875b5,1,89.0,2642,2970,13221498.11,88.96,0.001,99.88
b3809b8d4394588a47c8470ea331e135,1,89.0,2643,2970,13221498.11,88.99,0.001,99.88
da2782c804606d2a5d8e1760dbb3e7ec,1,89.0,2644,2970,13221498.11,89.02,0.001,99.88
65c255b299faf2d12050937cc219c46c,2,88.2,2645,2970,13221498.11,89.06,0.001,99.88
466222e777149751370e7e98fb623b0c,1,87.9,2646,2970,13221498.11,89.09,0.001,99.88
dd264199fc8b687ad029de7de6d760e6,1,87.9,2647,2970,13221498.11,89.12,0.001,99.88
9cea4682e16655f7da87f406902e989e,4,87.76,2648,2970,13221498.11,89.16,0.001,99.88
2fa13c8bd5705d279f7ed5cc9ec61c68,2,87.4,2649,2970,13221498.11,89.19,0.001,99.88
4fe2f67634d00c021aa01f96b6f2d68e,2,86.8,2650,2970,13221498.11,89.23,0.001,99.88
60da8bfa7eebe230b7d66ac4082d79b3,3,86.6,2651,2970,13221498.11,89.26,0.001,99.88
b86a47b3366e3b5424a7b225781f4908,1,86.5,2652,2970,13221498.11,89.29,0.001,99.89
00d8b143d12632bad99c0ad66ad52825,1,86.0,2653,2970,13221498.11,89.33,0.001,99.89
a2b911e9ad40dc7d61c142a4683e2d85,1,85.9,2654,2970,13221498.11,89.36,0.001,99.89
5566627eab3fe93fd6ee08798226101a,5,85.5,2655,2970,13221498.11,89.39,0.001,99.89
2b5ed0c9139dae8883a200dfcb272ece,4,85.41,2656,2970,13221498.11,89.43,0.001,99.89
b5dd7151a92ccaaa282cbe9681a05f44,1,85.0,2657,2970,13221498.11,89.46,0.001,99.89
cb5ff1b9715e99589f3e0c7a6afab9e3,4,85.0,2658,2970,13221498.11,89.49,0.001,99.89
0dfbed20065e425d2eaefb101f9816c0,3,84.35,2659,2970,13221498.11,89.53,0.001,99.89
324583d68897f5ddbaf38f6248322176,2,84.0,2660,2970,13221498.11,89.56,0.001,99.89
dedcab67899479e4ea5dcc4eba47f587,2,84.0,2661,2970,13221498.11,89.6,0.001,99.89
f5b84683a9bf9e1df748cf40f601b39c,1,83.9,2662,2970,13221498.11,89.63,0.001,99.89
11d4c477d09821164bca4f70a2eae031,3,83.04,2663,2970,13221498.11,89.66,0.001,99.89
a56a8043ebf66e42119618fb8cf232c6,1,83.0,2664,2970,13221498.11,89.7,0.001,99.89
ba8e85df286308fe68a2ce83a8f8b2d6,1,80.9,2665,2970,13221498.11,89.73,0.001,99.89
52454f90d4c30c016768db02f88c1a74,3,80.5,2666,2970,13221498.11,89.76,0.001,99.89
1a8e2d9c38b84a9702ac7922924b0573,1,80.0,2667,2970,13221498.11,89.8,0.001,99.9
8b11118053756a9a2932f447e11fc1b5,1,79.99,2668,2970,13221498.11,89.83,0.001,99.9
a45765f8afb1e594b22bf9e974b46765,1,79.99,2669,2970,13221498.11,89.87,0.001,99.9
c0f3eea2e14555b6faeea3dd58c1b1c3,1,79.99,2670,2970,13221498.11,89.9,0.001,99.9
e09887ca8c7bf8a4621ce481820414ef,2,79.97,2671,2970,13221498.11,89.93,0.001,99.9
0f519b0d2e5eb2227c93dd25038bfc01,1,79.9,2672,2970,13221498.11,89.97,0.001,99.9
9fbd5666d8618fa571c4230fafa09bd6,1,79.9,2673,2970,13221498.11,90.0,0.001,99.9
b5b800c4065bebf4d3442311c9857344,1,79.9,2674,2970,13221498.11,90.03,0.001,99.9
ca5832c6960267b71041f74bb39e8b12,1,79.9,2675,2970,13221498.11,90.07,0.001,99.9
cd233f8bfa30ebfd651f47ee7d054951,1,79.9,2676,2970,13221498.11,90.1,0.001,99.9
dcb7367a92f5ffb89f1e2152ed260285,1,79.9,2677,2970,13221498.11,90.13,0.001,99.9
a7b7354cc588f7566a848bcbb1ce3d96,2,79.8,2678,2970,13221498.11,90.17,0.001,99.9
aa17b35ce4de7b565be3249ba838944f,2,79.8,2679,2970,13221498.11,90.2,0.001,99.9
e5bd51692380fd8cabb19b756b95e714,2,79.8,2680,2970,13221498.11,90.24,0.001,99.9
519a7aa428f18d125a283cf8c014fdd6,3,79.7,2681,2970,13221498.11,90.27,0.001,99.9
918f6fbcf3ab724d805867303e593a1b,2,79.7,2682,2970,13221498.11,90.3,0.001,99.9
c8665a4dd081a2c436b1cd921079d0d9,1,79.39,2683,2970,13221498.11,90.34,0.001,99.9
babcc0ab201e4c60188427cae51a5b8b,1,79.0,2684,2970,13221498.11,90.37,0.001,99.91
166e8f1381e09651983c38b1f6f91c11,2,78.8,2685,2970,13221498.11,90.4,0.001,99.91
8132b9bd16876e1b0f8808d43825dd48,1,77.9,2686,2970,13221498.11,90.44,0.001,99.91
739c7d7be81f63812dea0d1b1451c651,2,77.5,2687,2970,13221498.11,90.47,0.001,99.91
ec2e006556300a79a5a91e4876ab3a56,2,77.4,2688,2970,13221498.11,90.51,0.001,99.91
5de1c80811ce7007f62f00d971236c09,2,76.8,2689,2970,13221498.11,90.54,0.001,99.91
3e51f9cbe317bc3a88f2c76583811ee4,1,76.09,2690,2970,13221498.11,90.57,0.001,99.91
497709c2976a8fa308730a2dec5b0726,1,76.0,2691,2970,13221498.11,90.61,0.001,99.91
43a5d4a57af536fddc96d08be3afdfcb,1,75.0,2692,2970,13221498.11,90.64,0.001,99.91
47f55702f598c7c6cc8458b0fbc1c49a,1,75.0,2693,2970,13221498.11,90.67,0.001,99.91
6dd7dce75cd55c1ce255dc38d9f0cd46,1,75.0,2694,2970,13221498.11,90.71,0.001,99.91
a1bea9970d8f65b240555f99c2214f7f,1,75.0,2695,2970,13221498.11,90.74,0.001,99.91
d52cbce9845184537284a23c3bc3da0e,2,75.0,2696,2970,13221498.11,90.77,0.001,99.91
ec21206b7894c503788a684a7bc822a6,1,75.0,2697,2970,13221498.11,90.81,0.001,99.91
05aebce0b5c8f0d41b29b686f2d05fd3,2,74.99,2698,2970,13221498.11,90.84,0.001,99.91
9c3a1c416c765687bc79a04113269929,1,74.9,2699,2970,13221498.11,90.88,0.001,99.91
6187a137b2af59dfdbad8d9f8c373c14,2,74.8,2700,2970,13221498.11,90.91,0.001,99.91
a90a5da8b09e44264a177c0374a5ac87,3,74.7,2701,2970,13221498.11,90.94,0.001,99.92
d8d9567d0bfb0bc7eb845a205ba42657,4,74.6,2702,2970,13221498.11,90.98,0.001,99.92
164a5a8794e6d42e14f55e447b12a3bc,1,73.99,2703,2970,13221498.11,91.01,0.001,99.92
a7d0f8dd44f57ef6de7f7f02e3d82630,2,73.79,2704,2970,13221498.11,91.04,0.001,99.92
204b4e07bddef3c9b317f70189135b22,1,73.4,2705,2970,13221498.11,91.08,0.001,99.92
d4d99b60c4c94cd35acd502cec65dc8d,1,72.9,2706,2970,13221498.11,91.11,0.001,99.92
e5c84227854980f1db19a58958c551d9,4,72.81,2707,2970,13221498.11,91.14,0.001,99.92
8f0fbe2cd4d472157dc1cdef6edecaa9,2,71.88,2708,2970,13221498.11,91.18,0.001,99.92
028872bfa080090a9d0abd4f1af168f8,1,70.5,2709,2970,13221498.11,91.21,0.001,99.92
4003520d80d0bad1d5623f7aa3c63cda,1,70.0,2710,2970,13221498.11,91.25,0.001,99.92
a89e143d5211473ae18db9577ee34b64,1,70.0,2711,2970,13221498.11,91.28,0.001,99.92
bbf4a892cac7b82422baa711dffb8997,1,70.0,2712,2970,13221498.11,91.31,0.001,99.92
e4f121bf6ef8b9a1d4d3e65dd0473fab,2,70.0,2713,2970,13221498.11,91.35,0.001,99.92
f90f77ef2799a27f80d90c425ca944f7,1,70.0,2714,2970,13221498.11,91.38,0.001,99.92
0a198e95d32b1be2da9424c962a6ebfa,1,69.99,2715,2970,13221498.11,91.41,0.001,99.92
4e92348462c75b6c842b994ce84a0ed4,1,69.9,2716,2970,13221498.11,91.45,0.001,99.92
b5d034ac251546e25afe9067f05c1539,1,69.9,2717,2970,13221498.11,91.48,0.001,99.92
d598f929fc44e1e38678e7f47250ec04,1,69.9,2718,2970,13221498.11,91.52,0.001,99.92
d6cd01c59123df02fc226eadbadb5f89,1,69.9,2719,2970,13221498.11,91.55,0.001,99.92
d9b00a97818674c7f8d8b1ef0e689679,1,69.9,2720,2970,13221498.11,91.58,0.001,99.93
f3511c85f59f8dec53d140501ee8e7a8,1,69.9,2721,2970,13221498.11,91.62,0.001,99.93
fe9d9cf8631285d5982c6e2cf27fb114,1,69.9,2722,2970,13221498.11,91.65,0.001,99.93
17998cf586426bf0f2c3726cb0a4b211,2,69.8,2723,2970,13221498.11,91.68,0.001,99.93
5587130f9850696ed7fafbc91c2cee44,2,69.8,2724,2970,13221498.11,91.72,0.001,99.93
8cb7c5ddf41f4d506eba76e9a4702a25,1,69.0,2725,2970,13221498.11,91.75,0.001,99.93
bbd3acfe6de99892e73940d3fdceaf68,2,69.0,2726,2970,13221498.11,91.78,0.001,99.93
edb65fe661681b1c0de8bd47c8655855,1,69.0,2727,2970,13221498.11,91.82,0.001,99.93
723a46b89fd5c3ed78ccdf039e33ac63,1,66.64,2728,2970,13221498.11,91.85,0.001,99.93
a5ff20ff766e7f50bd5066f33da14413,2,66.59,2729,2970,13221498.11,91.89,0.001,99.93
c6381b1321d7d97717a5bb4ed5b77882,2,66.0,2730,2970,13221498.11,91.92,0.0,99.93
d58d521f3789def2e7a22715e0badd93,2,65.98,2731,2970,13221498.11,91.95,0.0,99.93
c32fc744b9160ac853450488e3cfea93,2,65.8,2732,2970,13221498.11,91.99,0.0,99.93
76623fde66e6b63b59440fd34160512d,3,65.4,2733,2970,13221498.11,92.02,0.0,99.93
d4a5e99e0dd915df64ba55a7fbd583fd,2,65.15,2734,2970,13221498.11,92.05,0.0,99.93
52831e5990d0771cb4951d6f12928167,1,65.0,2735,2970,13221498.11,92.09,0.0,99.93
447d377bdb757058acb569025ee18a93,1,64.99,2736,2970,13221498.11,92.12,0.0,99.93
933446e9a59dece7ae9175103820ca8f,1,64.99,2737,2970,13221498.11,92.15,0.0,99.93
c8771b1a10bb99bb34d3c459c5cffb53,1,64.9,2738,2970,13221498.11,92.19,0.0,99.93
391bbd13b6452244774beff1824006ed,1,63.9,2739,2970,13221498.11,92.22,0.0,99.93
b452cb0ae35044c4a53179c39f49fb06,2,63.7,2740,2970,13221498.11,92.26,0.0,99.94
9e94fa26a70ede4d26226e918e8706a2,1,62.8,2741,2970,13221498.11,92.29,0.0,99.94
f0ec78809fe0bc3edb11c9fe5b97b059,2,62.6,2742,2970,13221498.11,92.32,0.0,99.94
2cb98e27ce1c18abdb42209b34c382a7,1,62.49,2743,2970,13221498.11,92.36,0.0,99.94
6a3139c7bf09ece22a4713d956acbe5e,1,61.9,2744,2970,13221498.11,92.39,0.0,99.94
f7c31656c19db6275a8acadca289f426,1,61.56,2745,2970,13221498.11,92.42,0.0,99.94
b3e2faf2c1004d674f16a3aa3197f0e1,3,61.47,2746,2970,13221498.11,92.46,0.0,99.94
1d0646a72178a6fb37ee8082140e06ec,2,61.0,2747,2970,13221498.11,92.49,0.0,99.94
7963e546f34e098b578f9ad102494601,1,60.99,2748,2970,13221498.11,92.53,0.0,99.94
be7a093e5b4d147b36b72bb1f9e415e5,1,60.9,2749,2970,13221498.11,92.56,0.0,99.94
83f2b4881141ce3fcd4e985125d3279e,3,60.7,2750,2970,13221498.11,92.59,0.0,99.94
9ac75591b69c3402684b6ce0310f22ee,1,60.5,2751,2970,13221498.11,92.63,0.0,99.94
24a6daf925d9d591870a66660416de31,2,60.0,2752,2970,13221498.11,92.66,0.0,99.94
7c462184585ae80bd6e5774c62ce50f2,1,60.0,2753,2970,13221498.11,92.69,0.0,99.94
85e7c62c1d6ea078c3897424f867a7c8,2,60.0,2754,2970,13221498.11,92.73,0.0,99.94
0ee4fb99ac55ffbbc98795aa01b7f8fa,1,59.9,2755,2970,13221498.11,92.76,0.0,99.94
3e46a38ee171c503c3b4a3f23fe3bf0c,1,59.9,2756,2970,13221498.11,92.79,0.0,99.94
6ebf4eceee4dd9847201c82e77ef8123,1,59.9,2757,2970,13221498.11,92.83,0.0,99.94
75fdd0a732287f9497b179f6bd445d32,1,59.9,2758,2970,13221498.11,92.86,0.0,99.94
8fb67a334bacec338885b4e9e1708073,1,59.9,2759,2970,13221498.11,92.9,0.0,99.94
9ef932e837d8b7f392c0bfee9d359dc2,1,59.9,2760,2970,13221498.11,92.93,0.0,99.94
c240c4061717ac1806ae6ee72be3533b,1,59.9,2761,2970,13221498.11,92.96,0.0,99.95
528ce32f560edd11add4169f6a5b65be,2,59.8,2762,2970,13221498.11,93.0,0.0,99.95
3da38366e7bd9baf6369071f782ecdf0,1,59.47,2763,2970,13221498.11,93.03,0.0,99.95
63704069d9bd3a75c1cf59babe56004a,1,59.3,2764,2970,13221498.11,93.06,0.0,99.95
db1f0f7c7e5e87f40b62226f020bb297,3,59.01,2765,2970,13221498.11,93.1,0.0,99.95
0af2ab31141893d26aca5a404a537dab,1,59.0,2766,2970,13221498.11,93.13,0.0,99.95
1d953075c2f0dd990bacf27b83b330f1,1,59.0,2767,2970,13221498.11,93.16,0.0,99.95
2f1e7b90e01d9f086cbcb301c0c3d406,1,59.0,2768,2970,13221498.11,93.2,0.0,99.95
dd5450b022b2d00a2145a66331e1aef6,1,59.0,2769,2970,13221498.11,93.23,0.0,99.95
37303482a42fb700d8d127e70a9cd6c8,1,58.9,2770,2970,13221498.11,93.27,0.0,99.95
d180e07dc1e58c31c3f0cd599dc4d945,1,58.8,2771,2970,13221498.11,93.3,0.0,99.95
8fff28c4263ddec387f28d237fb42773,2,58.6,2772,2970,13221498.11,93.33,0.0,99.95
cecd97bc34ed8330bd4cd15713eda670,1,57.99,2773,2970,13221498.11,93.37,0.0,99.95
cac4e0bc1a3269fa2b6ea5e763f6115b,2,57.88,2774,2970,13221498.11,93.4,0.0,99.95
48e5ee06fb2dc74df1c711a9b6dfac2a,1,57.0,2775,2970,13221498.11,93.43,0.0,99.95
ac9b01377919cdbd2a1bbb8d5837c70b,1,55.9,2776,2970,13221498.11,93.47,0.0,99.95
3e35a8bb43569389d3cebef0ce820f69,1,55.8,2777,2970,13221498.11,93.5,0.0,99.95
0b1ca3ef18a63d7eb0c8897fa0849c08,1,55.0,2778,2970,13221498.11,93.54,0.0,99.95
d85efbc8eff2b7adf524e2820569adc8,1,55.0,2779,2970,13221498.11,93.57,0.0,99.95
ebe3dabc4955c9b0d695e7bda38bf5c3,1,55.0,2780,2970,13221498.11,93.6,0.0,99.95
c7246702dc991a06d788120dc7544391,1,54.86,2781,2970,13221498.11,93.64,0.0,99.95
26f6b7ab07be3e9e69ce82a6552efc19,2,54.8,2782,2970,13221498.11,93.67,0.0,99.95
c13fb473e7cb8b83ccd543c094df0608,2,54.8,2783,2970,13221498.11,93.7,0.0,99.95
d297f1055de2956aedfd3b04113dce3e,1,54.3,2784,2970,13221498.11,93.74,0.0,99.96
720e6cf846ea7572cbb66b743fb91e6c,1,54.0,2785,2970,13221498.11,93.77,0.0,99.96
c1552b1dab6e6f760950368ae61fb600,2,53.8,2786,2970,13221498.11,93.8,0.0,99.96
a2a41aedb70551d4a85aa04dc2fced48,2,52.79,2787,2970,13221498.11,93.84,0.0,99.96
392f7f2c797e4dc077e4311bde2ab8ce,2,52.0,2788,2970,13221498.11,93.87,0.0,99.96
84c945f15571830c1a91a33978e94009,2,51.98,2789,2970,13221498.11,93.91,0.0,99.96
258447aad3f7b01e2643c89f64dc5647,1,51.9,2790,2970,13221498.11,93.94,0.0,99.96
07e8e8fc5222bb358e6f259da3197074,2,51.8,2791,2970,13221498.11,93.97,0.0,99.96
e9e446d01bd10a97a8ffcfc4a3a20cb2,3,51.15,2792,2970,13221498.11,94.01,0.0,99.96
eaf6d55068dea77334e8477d3878d89e,3,51.0,2793,2970,13221498.11,94.04,0.0,99.96
535bf14f36346c7f59d87cece104d70c,1,50.0,2794,2970,13221498.11,94.07,0.0,99.96
8cf21434553b02cbd37c0bbd07e041b0,1,49.99,2795,2970,13221498.11,94.11,0.0,99.96
d4f91e8be86b38da2ee35bc489645a9d,1,49.99,2796,2970,13221498.11,94.14,0.0,99.96
217f005bb37ff3aeef5b2ae1788e75ba,2,49.98,2797,2970,13221498.11,94.18,0.0,99.96
2c2c9832d1bb38c5b0034a3b47d313ee,1,49.9,2798,2970,13221498.11,94.21,0.0,99.96
3ded4e2d5f135cb103e5949d7263d2dd,1,49.9,2799,2970,13221498.11,94.24,0.0,99.96
58e4b302b54937e55a678c4d15111da4,1,49.9,2800,2970,13221498.11,94.28,0.0,99.96
7b3447b497e55af8c15fc7bd89d7b81a,1,49.9,2801,2970,13221498.11,94.31,0.0,99.96
9140ef75cc8211c4035935e80e567204,1,49.9,2802,2970,13221498.11,94.34,0.0,99.96
fe19dce63ae80346207c6c55713d1023,1,49.9,2803,2970,13221498.11,94.38,0.0,99.96
7315baebc0572ff220d226283dc66728,2,49.85,2804,2970,13221498.11,94.41,0.0,99.96
2c00c85d30361cd2ced2969cffbbffa3,1,49.8,2805,2970,13221498.11,94.44,0.0,99.96
1b61fb1f0f2185d89e9a126c498e9cc7,1,49.7,2806,2970,13221498.11,94.48,0.0,99.96
42d4b7e70819438f5ada61c965e92d7e,1,49.6,2807,2970,13221498.11,94.51,0.0,99.96
e0487761face83d64fcada2408959a36,2,49.25,2808,2970,13221498.11,94.55,0.0,99.96
1f7dfad2cb384ea4d2d7e1ffbd78c407,1,49.0,2809,2970,13221498.11,94.58,0.0,99.96
2ef086a599b597572aca4433b7ed6b3d,1,49.0,2810,2970,13221498.11,94.61,0.0,99.97
c963a25b8671419c6ce9eebe8fd03218,1,49.0,2811,2970,13221498.11,94.65,0.0,99.97
ce33c6211beaa8fef4cae8b52db39862,1,49.0,2812,2970,13221498.11,94.68,0.0,99.97
d63f306de130e0391d38a792541723b8,1,49.0,2813,2970,13221498.11,94.71,0.0,99.97
29c322e3f09f886f8bacbe91dfbd979e,1,48.98,2814,2970,13221498.11,94.75,0.0,99.97
417a1e6c7321084d2a0ae0d023cfad93,1,48.9,2815,2970,13221498.11,94.78,0.0,99.97
2e2f44824ab87a0cb961f68bf4073e7f,1,48.0,2816,2970,13221498.11,94.81,0.0,99.97
513a54369b6a8a6602fcb0e129c6d78d,2,47.8,2817,2970,13221498.11,94.85,0.0,99.97
a3fa18b3f688ec0fca3eb8bfcbd2d5b3,1,47.8,2818,2970,13221498.11,94.88,0.0,99.97
9d213f303afae4983637247556438ede,2,47.7,2819,2970,13221498.11,94.92,0.0,99.97
ae9690c6e8fee182c28c9ff8e11ca52c,1,47.4,2820,2970,13221498.11,94.95,0.0,99.97
cad10cc982ab6a391570c211b995c17c,1,47.4,2821,2970,13221498.11,94.98,0.0,99.97
baf15155e37ef5492731459bdc05be8a,1,47.0,2822,2970,13221498.11,95.02,0.0,99.97
7494d0dcba8551df6cf37f1b905dc2f7,1,45.9,2823,2970,13221498.11,95.05,0.0,99.97
51e0557bc7b86de13e946c60ee91ce39,1,45.8,2824,2970,13221498.11,95.08,0.0,99.97
8629a7efec1aab257e58cda559f03ba7,1,45.22,2825,2970,13221498.11,95.12,0.0,99.97
2d8cfba3fcd3170555941605edaa196a,1,45.0,2826,2970,13221498.11,95.15,0.0,99.97
70ee69419916dc13e3aed619061f996c,1,45.0,2827,2970,13221498.11,95.19,0.0,99.97
1f2eebc0e970fd3c463e4f5d9652687a,1,44.99,2828,2970,13221498.11,95.22,0.0,99.97
89dda63a3c907c468ec88c310ed91213,1,44.99,2829,2970,13221498.11,95.25,0.0,99.97
5a4236931428800e9d9cc04af0987118,1,44.97,2830,2970,13221498.11,95.29,0.0,99.97
5415337f1863452476d42d9f14a16a61,1,44.9,2831,2970,13221498.11,95.32,0.0,99.97
da3fede3469bf49b7293ce3fc45b294d,1,44.9,2832,2970,13221498.11,95.35,0.0,99.97
e5545d4d4473876ea78c5bcebca365c3,1,44.5,2833,2970,13221498.11,95.39,0.0,99.97
42fb44130ac3134cde8e35cf8ec7df25,2,43.8,2834,2970,13221498.11,95.42,0.0,99.97
15b3b1b81484422eb41df68ac87f1f50,1,43.35,2835,2970,13221498.11,95.45,0.0,99.97
05a48cc8859962767935ab9087417fbb,1,42.9,2836,2970,13221498.11,95.49,0.0,99.97
4125d9385a25e82d2f72d3a0fd55bc3f,1,42.9,2837,2970,13221498.11,95.52,0.0,99.97
7f02656561b680def9986c0795a8a080,1,42.0,2838,2970,13221498.11,95.56,0.0,99.97
3a3c180dd702a725bd0ba4117689239e,1,41.9,2839,2970,13221498.11,95.59,0.0,99.98
6561d6bf844e464b4019442692b40e02,1,41.9,2840,2970,13221498.11,95.62,0.0,99.98
749e7cdabbaf72f16677859e27874ba5,1,41.9,2841,2970,13221498.11,95.66,0.0,99.98
16bdc8cefd0e32a6f0824d296c5ad14a,1,41.76,2842,2970,13221498.11,95.69,0.0,99.98
a213f1bd6458f4a158f3746cb2514559,1,41.52,2843,2970,13221498.11,95.72,0.0,99.98
9b1f656ca3060f8af17a50d8a024b533,2,41.0,2844,2970,13221498.11,95.76,0.0,99.98
4e2627090e6e5b9fabba883a37897683,1,39.9,2845,2970,13221498.11,95.79,0.0,99.98
c2bda99904207edd1834f03e0022b007,1,39.9,2846,2970,13221498.11,95.82,0.0,99.98
d4828feed4cda2cd9d6b37899a95a71e,1,39.9,2847,2970,13221498.11,95.86,0.0,99.98
df683dfda87bf71ac3fc63063fba369d,1,39.9,2848,2970,13221498.11,95.89,0.0,99.98
edb58a1390adf273840030a3d6253829,1,39.9,2849,2970,13221498.11,95.93,0.0,99.98
fedaedd3ca31d56ab33e92035e4b361c,1,39.9,2850,2970,13221498.11,95.96,0.0,99.98
389e45560e33d2d0747f949dcddbc08e,1,39.0,2851,2970,13221498.11,95.99,0.0,99.98
9558aa23f77a9e0a0eca83540999f43b,1,39.0,2852,2970,13221498.11,96.03,0.0,99.98
c74f14c1e26cf1bd5bd34b6a1e274426,1,39.0,2853,2970,13221498.11,96.06,0.0,99.98
e595809a6c31ec4314fd06ef198c244d,1,39.0,2854,2970,13221498.11,96.09,0.0,99.98
0936e1837d0c79253456bbb2ffaaef10,1,38.9,2855,2970,13221498.11,96.13,0.0,99.98
2eeb6531ee027a48d401e72bebdd87d3,3,38.7,2856,2970,13221498.11,96.16,0.0,99.98
d7ab82074b5f1dfba46db123df101bff,2,38.67,2857,2970,13221498.11,96.2,0.0,99.98
e72b4feb7abe210c52aa667abc25a3a2,1,38.2,2858,2970,13221498.11,96.23,0.0,99.98
9200e6ce317b67196b6b0bad4d4bd567,1,36.9,2859,2970,13221498.11,96.26,0.0,99.98
1d139e3a3b14025640d8df1b230aace0,2,36.49,2860,2970,13221498.11,96.3,0.0,99.98
c161d1327ebc3a156c09582ab2f59f6c,2,35.99,2861,2970,13221498.11,96.33,0.0,99.98
630008e0f062605a415d694489f6f82e,1,35.35,2862,2970,13221498.11,96.36,0.0,99.98
3a52d63a8f9daf5a28f3626d7eb9bd28,1,35.0,2863,2970,13221498.11,96.4,0.0,99.98
5cf1ec37aea089f45110c70653a166ab,2,35.0,2864,2970,13221498.11,96.43,0.0,99.98
baeda7047354773262ba2405f97038ba,1,35.0,2865,2970,13221498.11,96.46,0.0,99.98
c716e0b86ed568878475b60fbb6323ad,1,35.0,2866,2970,13221498.11,96.5,0.0,99.98
cb162c8eef257253782d245c08d9097c,1,34.99,2867,2970,13221498.11,96.53,0.0,99.98
84deb808079d1be601c209c1e771b1cc,2,34.93,2868,2970,13221498.11,96.57,0.0,99.98
c0e6839516f5398edc34adf5f1d53d1a,1,34.92,2869,2970,13221498.11,96.6,0.0,99.98
5a32c398a06c345440bf2a683b017ad3,1,34.9,2870,2970,13221498.11,96.63,0.0,99.98
41958cbd3335433c8740300e8cd600d5,1,32.99,2871,2970,13221498.11,96.67,0.0,99.98
539ed9e19811677513447759be5eccfc,2,32.83,2872,2970,13221498.11,96.7,0.0,99.98
7d81e74a4755b552267cd5e081563028,1,32.5,2873,2970,13221498.11,96.73,0.0,99.98
eb4a59a06b3948e851a7d7a830bcbc42,1,32.0,2874,2970,13221498.11,96.77,0.0,99.99
d7f1cfc638473be93baedbfd02208016,1,30.0,2875,2970,13221498.11,96.8,0.0,99.99
fdf736c18c589ed030e058312203e1b2,1,30.0,2876,2970,13221498.11,96.84,0.0,99.99
32f83ffe11cd40f7adcf4eef171f52d9,1,29.99,2877,2970,13221498.11,96.87,0.0,99.99
87b4428a334b8f676fd9a7f3bf544fb5,1,29.99,2878,2970,13221498.11,96.9,0.0,99.99
9315e491484b1b0081ca166fc164108d,1,29.99,2879,2970,13221498.11,96.94,0.0,99.99
139157dd4daa45c25b0807ffff348363,1,29.9,2880,2970,13221498.11,96.97,0.0,99.99
28a26ebce31d5918b181ede016fd693b,1,29.9,2881,2970,13221498.11,97.0,0.0,99.99
3aa3c89ae3cd482385568be76120f63c,1,29.9,2882,2970,13221498.11,97.04,0.0,99.99
436bf27f2f18474fc6047702e9f8a866,1,29.9,2883,2970,13221498.11,97.07,0.0,99.99
455f46ef09a9e45667e2981df84b5cc2,1,29.9,2884,2970,13221498.11,97.1,0.0,99.99
a09a13f18ed27932d08438aa6f12756e,1,29.9,2885,2970,13221498.11,97.14,0.0,99.99
c43d924a0f1688ee9fae0efcd6f539d4,1,29.9,2886,2970,13221498.11,97.17,0.0,99.99
c97aa4ee7420f937da13b7f9e2228b99,1,29.9,2887,2970,13221498.11,97.21,0.0,99.99
c0e0b73d039eb9a99b6ce4cb7a429cd3,1,29.88,2888,2970,13221498.11,97.24,0.0,99.99
0336182e1b3e92f029d5354832045fdf,1,29.8,2889,2970,13221498.11,97.27,0.0,99.99
7b3f6ce5c6c22e9b96e7581ebf0df6e1,1,29.8,2890,2970,13221498.11,97.31,0.0,99.99
9996ae921c50e8dff411ac69c0b4bb8b,2,29.7,2891,2970,13221498.11,97.34,0.0,99.99
72c73be2b085b9d57650dd53eb2004c9,1,29.4,2892,2970,13221498.11,97.37,0.0,99.99
c9d2ba8dde44a275ae06475ed1d2fafc,1,28.79,2893,2970,13221498.11,97.41,0.0,99.99
999f6d9a1c7c81f43be44c6b7d076210,2,28.0,2894,2970,13221498.11,97.44,0.0,99.99
8b181ee5518df84f18f4e1a43fe07923,1,27.9,2895,2970,13221498.11,97.47,0.0,99.99
b026643914f651e8371425e5b8a1e780,1,27.9,2896,2970,13221498.11,97.51,0.0,99.99
f1fdf2d13186575751aa25876536d85c,1,26.3,2897,2970,13221498.11,97.54,0.0,99.99
70c0fda4c313d87115644d39e62eec60,1,25.99,2898,2970,13221498.11,97.58,0.0,99.99
c12d7463a579237ffb9248bd7cff378b,1,25.9,2899,2970,13221498.11,97.61,0.0,99.99
6c9875b2f94ba781186f0c1aed8d1687,2,25.0,2900,2970,13221498.11,97.64,0.0,99.99
7cb946b1ad19faebe28c3e86c2794ec3,1,25.0,2901,2970,13221498.11,97.68,0.0,99.99
38f276ca6e7cc95a6d1bb55ac9e5550f,1,24.99,2902,2970,13221498.11,97.71,0.0,99.99
3986c0b54f6b748b75e7bd4e092aa3e5,1,24.99,2903,2970,13221498.11,97.74,0.0,99.99
1c83418358f249c9d6affa52d579db0e,1,24.9,2904,2970,13221498.11,97.78,0.0,99.99
33fd411ed63a7c2f9005e3f065d9f85d,1,24.9,2905,2970,13221498.11,97.81,0.0,99.99
cad9969167c09b48ae6f1d123f7fa68d,1,24.0,2906,2970,13221498.11,97.85,0.0,99.99
bd43e172d599bed47a85da877172ca8c,1,23.92,2907,2970,13221498.11,97.88,0.0,99.99
43753b27d77860f1654aa72e251a7878,1,23.9,2908,2970,13221498.11,97.91,0.0,99.99
544863df86ed3b78a04e0820d41430ee,1,23.9,2909,2970,13221498.11,97.95,0.0,99.99
bcd2d7510d58e293f20fad6438c1b314,1,23.9,2910,2970,13221498.11,97.98,0.0,99.99
2c54051840f19eca309a5423cf22df36,2,23.7,2911,2970,13221498.11,98.01,0.0,99.99
5e063e85d44b0f5c3e6ec3131103a57e,1,22.9,2912,2970,13221498.11,98.05,0.0,99.99
bc8c8d665ec4664d286be0d521722b19,1,22.5,2913,2970,13221498.11,98.08,0.0,99.99
eb1bf309f4f6af9a97e9ddac3fdbeabe,1,22.3,2914,2970,13221498.11,98.11,0.0,99.99
0bb27263628258b8111a0262769fa9db,1,22.2,2915,2970,13221498.11,98.15,0.0,99.99
34675b28b826facfde119785bf287dc1,1,21.99,2916,2970,13221498.11,98.18,0.0,99.99
f09b760d23495ac9a7e00d29b769007c,1,21.9,2917,2970,13221498.11,98.22,0.0,99.99
98f52e1020fe788c10c0418de4393fec,1,21.6,2918,2970,13221498.11,98.25,0.0,99.99
ed49da7cadefc454d6a67de249eab240,1,21.5,2919,2970,13221498.11,98.28,0.0,99.99
b77a27b1864483e721dc831d5ba4afa0,1,20.9,2920,2970,13221498.11,98.32,0.0,99.99
e64ddbe1cbcf4f2fc3092b7c481f3f9d,1,20.9,2921,2970,13221498.11,98.35,0.0,99.99
e0b162a693bc7f9eab00f783a31d60ea,1,20.0,2922,2970,13221498.11,98.38,0.0,99.99
e76ecc7e9a1a1e3c6df9d2a8261c423d,1,20.0,2923,2970,13221498.11,98.42,0.0,99.99
455befea1bb853c75ccbca94cff26e5c,1,19.99,2924,2970,13221498.11,98.45,0.0,99.99
bb7ad8a45c027be8ab075b8e465f8ca0,2,19.98,2925,2970,13221498.11,98.48,0.0,100.0
0b46f784306be7200ca1700aa55d819f,1,19.9,2926,2970,13221498.11,98.52,0.0,100.0
668bf321538e5072858eaef6087ce027,1,19.9,2927,2970,13221498.11,98.55,0.0,100.0
698624c6632eeba1774924dbea24c700,1,19.9,2928,2970,13221498.11,98.59,0.0,100.0
7caa63f175b1cecbfaadd8b5ab9998c7,1,19.9,2929,2970,13221498.11,98.62,0.0,100.0
87f3e35268860433e13d577825aada95,1,19.9,2930,2970,13221498.11,98.65,0.0,100.0
bac44fa8e13424950488659b5f765c41,1,19.9,2931,2970,13221498.11,98.69,0.0,100.0
d93b8458c6fe139d85cfa5eadbf55bd2,1,19.9,2932,2970,13221498.11,98.72,0.0,100.0
bd65d163ded559eb90a10cd09fec178f,1,19.8,2933,2970,13221498.11,98.75,0.0,100.0
9d69ba0a7a626a64dc5db08e529559cf,1,19.3,2934,2970,13221498.11,98.79,0.0,100.0
ab75b89cc49c9ab3160d0c91565a442a,1,18.99,2935,2970,13221498.11,98.82,0.0,100.0
6c77cd583b36a13aacccf2b3ee23e233,1,18.9,2936,2970,13221498.11,98.86,0.0,100.0
82921991ff5b557b045605b8bbf08d49,1,18.9,2937,2970,13221498.11,98.89,0.0,100.0
ce4755084bc097113867e6454f8f5e52,1,18.9,2938,2970,13221498.11,98.92,0.0,100.0
804287717b9156fb7a787acd9af4fac1,1,18.8,2939,2970,13221498.11,98.96,0.0,100.0
13e85aac53340018b40c2af68001b7e0,1,17.8,2940,2970,13221498.11,98.99,0.0,100.0
bee36b4f9a2b9fdcaff6ec05df202ed0,1,16.9,2941,2970,13221498.11,99.02,0.0,100.0
6bcb2352a2a0c38b845f598298ab9d26,1,15.9,2942,2970,13221498.11,99.06,0.0,100.0
eae9af4811c294c56795d70e715b7337,1,15.9,2943,2970,13221498.11,99.09,0.0,100.0
f3862c2188522d89860c38a3ea8b550d,1,15.5,2944,2970,13221498.11,99.12,0.0,100.0
20f0aeea30bc3b8c4420be8ced4226c0,1,14.9,2945,2970,13221498.11,99.16,0.0,100.0
b2f4d63c7203f539a78252565ca32257,1,14.9,2946,2970,13221498.11,99.19,0.0,100.0
c3e2398fcc7e581cda2e546557bf6968,1,14.9,2947,2970,13221498.11,99.23,0.0,100.0
a61cc04793308395a840807104365121,1,14.63,2948,2970,13221498.11,99.26,0.0,100.0
20d53aad4fe5ee93a64f8839609d3586,1,14.5,2949,2970,13221498.11,99.29,0.0,100.0
5b92bfa4120daa27c574daa2e386c693,1,14.0,2950,2970,13221498.11,99.33,0.0,100.0
fb503a924a0b9db19d83dd0ac6dbef8c,1,13.9,2951,2970,13221498.11,99.36,0.0,100.0
6614814a00d344b846ae209f95ee7e3f,1,13.0,2952,2970,13221498.11,99.39,0.0,100.0
b5f0712d22a873b6797ab6cc65c3fcba,1,12.99,2953,2970,13221498.11,99.43,0.0,100.0
7ab0dd5487bab2dc835337b244f689fb,1,12.5,2954,2970,13221498.11,99.46,0.0,100.0
9e25199f6ef7e7c347120ff175652c3b,1,12.5,2955,2970,13221498.11,99.49,0.0,100.0
c1d1ebb4745cc43cb6f05e9c8a705c9a,1,12.5,2956,2970,13221498.11,99.53,0.0,100.0
c1dde11f12d05c478f5de2d7319ad3b2,1,12.5,2957,2970,13221498.11,99.56,0.0,100.0
3d62f86afa7c73be2628a3be1423f5a0,2,12.0,2958,2970,13221498.11,99.6,0.0,100.0
3ac588cd562971392504a9e17130c40b,1,11.9,2959,2970,13221498.11,99.63,0.0,100.0
cc1f04647be106ba74e62b21f358af25,1,11.9,2960,2970,13221498.11,99.66,0.0,100.0
f9f68daa2af419d38f745478bcb3da1a,1,11.2,2961,2970,13221498.11,99.7,0.0,100.0
344223b2a90784f64136a8a5da012e7f,1,10.9,2962,2970,13221498.11,99.73,0.0,100.0
95cca791657aabeff15a07eb152d7841,1,9.99,2963,2970,13221498.11,99.76,0.0,100.0
c18309219e789960add0b2255ca4b091,1,9.9,2964,2970,13221498.11,99.8,0.0,100.0
0f94588695d71662beec8d883ffacf09,1,9.0,2965,2970,13221498.11,99.83,0.0,100.0
4965a7002cca77301c82d3f91b82e1a9,1,8.49,2966,2970,13221498.11,99.87,0.0,100.0
ad14615bdd492b01b0d97922e87cb87f,1,8.25,2967,2970,13221498.11,99.9,0.0,100.0
702835e4b785b67a084280efca355756,1,7.6,2968,2970,13221498.11,99.93,0.0,100.0
1fa2d3def6adfa70e58c276bb64fe5bb,1,6.9,2969,2970,13221498.11,99.97,0.0,100.0
77128dec4bec4878c37ab7d6169d6f26,1,6.5,2970,2970,13221498.11,100.0,0.0,100.0
